file number,name,type
cc175061,brighton realty,real estate
cc175204,southview realty group,real estate
cc177200,a+ realty,real estate
cc199330,hammond residential,residential real estate brokerage
cc200188,s|o industries,real estate
cc175137,gate waterfront square,real estate
cc175442,t m w enterprises,real estate
cc197600,tcc realty group,real estate
cc199338,hammond real estate,real estate
cc200727,prada norte properties,real estate
cc356608,hartley realty group,real estate
cc358837,cresa,real estate
cc363824,cvm realty,real estate brokerage
cc364470,boston atlantic gateway,real estate investment
cc365496,eastern land company,real estate
cc356800,sleepy panda,real estate
cc359139,randall management,real estate
cc363841,the realty concierge,real estate
cc364756,light hill property management,real estate property management
cc366124,da peeples mgt,property & real estate
cc356800,sleepy panda,real estate
cc359139,randall management,real estate
cc363841,the realty concierge,real estate
cc364756,light hill property management,real estate property management
cc366124,da peeples mgt,property & real estate
cc358837,cresa,real estate
cc363824,cvm realty,real estate brokerage
cc364470,boston atlantic gateway,real estate investment
cc365496,eastern land company,real estate
cc366491,anne s kidder,real estate
cc363841,the realty concierge,real estate
cc364756,light hill property management,real estate property management
cc366124,da peeples mgt,property & real estate
cc371473,rrogers real estate,real estate
cc372857,9 l l,real estate managerment
cc364470,boston atlantic gateway,real estate investment
cc365496,eastern land company,real estate
cc366491,anne s kidder,real estate
cc372116,technology real estate,real estate
cc372888,coldwell banker residential brokerage,commercial real estate brokerage
cc380112,city homes associates,real estate
cc381370,cbre / ne,commercial real estate
cc385589,vrn mortgage services,activities related to real estate
cc388985,rex,profit corp. real estate broker
cc393495,neponset river real estate,real estate
cc381307,condo intel,real estate
cc383733,sloan real estate group,real estate
cc386541,ed maher real estate,real estate
cc389179,padmatch realty,real estate
cc395620,weiner ventures,real estate development
cc380112,city homes associates,real estate
cc381370,cbre / ne,commercial real estate
cc385589,vrn mortgage services,activities related to real estate
cc388985,rex,profit corp. real estate broker
cc393495,neponset river real estate,real estate
cc381307,condo intel,real estate
cc383733,sloan real estate group,real estate
cc386541,ed maher real estate,real estate
cc389179,padmatch realty,real estate
cc395620,weiner ventures,real estate development
cc389179,padmatch realty,real estate
cc395620,weiner ventures,real estate development
cc396628,high street realty company,real estate investment
cc311223,palazzo enterprises,real estate
cc330673,lisa martin real estate,real estate
cc393495,neponset river real estate,real estate
cc395862,1943 dot,real estate holding company
cc400270,erica davis estates,real estate investor
cc318238,in boston real estate group,real estate sales
cc404283,capital realty,real estate services
cc199338,hammond real estate,real estate
cc200727,prada norte properties,real estate
cc201425,gogoboston realty,real estate
cc356608,hartley realty group,real estate
cc358837,cresa,real estate
cc200188,s|o industries,real estate
cc200760,the virtual reality group,real estate office
cc356299,zillup,real estate
cc356800,sleepy panda,real estate
cc359139,randall management,real estate
cc418838,herringbone and brass,real estate brokerage/referal
cc419331,coldwell banker nrt,real estate brokerage
cc423155,liberty square realty,real estate
cc423231,cameron prestige,real estate brokerage
cc423409,coldwell banker commercial realty,real estate brokerage
cc419329,coldwell banker realty,real estate brokerage
cc423097,elite waterfront properties,real estate sales/rentals
cc423179,boston grand realty,real estate
cc423399,shore road realty - cityside,real estate brokerage
cc423754,genstone realty,real estate and management brookage
cc313537,seaport park lane realty,real estate investment
cc313883,casey brothers,real estate
cc308652,gbr team,real estate
cc199075,chestnut homes real estate,real estate
cc199326,hammond residential real estate,residential real estate brokerage
cc313853,seaport residential,real estate
cc308263,rudy & associates realtors,real estate
cc198924,st. joseph immigrant home,real estate / management
cc199276,assidyu turley fho,commercial real estate
cc199327,hammond residential real estate,residential real estate brokerage
cc339028,darren barrett,real estate
cc339590,sperry van ness international,commercial real estate franchise
cc339694,starboard management,real estate services
cc341690,your neighborhood real estate management group,real estate management
cc342041,realty marketplace,real estate brokerage
cc339469,viceroy realty group,real estate brokerage
cc339591,svn international,commercial real estate franchise
cc340649,st. agnes residence,real estate property management
cc342038,christopher b johnson,real estate consultant
cc343232,haase faundation,real estate
cc357047,josue vargas,real estate
cc359176,karen wier's realty co,real estate
cc361190,17 e unit garage trust,real estate
cc367270,avison young - new england,real estate
cc372614,boston realty associates,real estate
cc358351,money rabbit investments,real estate
cc360712,macmillan realtors,real estate
cc366296,boston one realty group,real estate
cc370310,allstate investment solutions,real estate investment
cc373131,mcgowan coroporate real estate advisors,commercial real estate broker
cc340649,st. agnes residence,real estate property management
cc342038,christopher b johnson,real estate consultant
cc343232,haase faundation,real estate
cc343394,cmac the real estate professionals,real estate brokerage
cc345055,privilege realty,real estate
cc341690,your neighborhood real estate management group,real estate management
cc342041,realty marketplace,real estate brokerage
cc343262,the goldlust group,real estate
cc344966,179 comm ave rentals,residential real estate rental
cc345429,rreef real estate management,real estate
cc370310,allstate investment solutions,real estate investment
cc373131,mcgowan coroporate real estate advisors,commercial real estate broker
cc374919,red coat realty,real estate
cc174759,rpc,real estate development
cc175129,imperial decorations,event planning and real estate
cc372614,boston realty associates,real estate
cc374680,gibson sotheby's international realty,real estate brokerage
cc174350,bushari real estate,real estate
cc175088,shop 4 homes realty,real estate
cc175324,t realty trust,real estate
cc304586,boston residential,real estate
cc353218,century 21 cahill associates,real estate brokerage
cc358351,money rabbit investments,real estate
cc360712,macmillan realtors,real estate
cc366296,boston one realty group,real estate
cc307231,luxury living real estate,real estate
cc357047,josue vargas,real estate
cc359176,karen wier's realty co,real estate
cc361190,17 e unit garage trust,real estate
cc367270,avison young - new england,real estate
cc174350,bushari real estate,real estate
cc175088,shop 4 homes realty,real estate
cc175324,t realty trust,real estate
cc175570,owners.com,real estate brokerage company
cc307231,luxury living real estate,real estate
cc174759,rpc,real estate development
cc175129,imperial decorations,event planning and real estate
cc175341,carole white associates,real estate
cc304586,boston residential,real estate
cc198924,st. joseph immigrant home,real estate / management
cc318328,boston brokerage group,real estate
cc318373,m kelly appraisals,real estate appraisals
cc318787,boston property advisors,real estate appraisal
cc330045,huafa industrial ( eastern u.s.) co,real estate investment
cc330414,mclean real estate management,real estate management
cc318329,boston management group,real estate management
cc318705,guaranteed rate affinity,real estate credit
cc329300,at home rel estate group,real estate & management
cc330082,revival realty,real estate
cc377722,bloc,real estate office
cc339694,starboard management,real estate services
cc341690,your neighborhood real estate management group,real estate management
cc342041,realty marketplace,real estate brokerage
cc343262,the goldlust group,real estate
cc344966,179 comm ave rentals,residential real estate rental
cc340649,st. agnes residence,real estate property management
cc342038,christopher b johnson,real estate consultant
cc343232,haase faundation,real estate
cc343394,cmac the real estate professionals,real estate brokerage
cc345055,privilege realty,real estate
cc416788,preservation services group,real estate
cc419238,re/max select,real estate
cc423082,zander realty group,real estate brokerage
cc423157,affiliated broker network,real estate
cc379773,wave realty group,real estate
cc418869,bilus on boston,real estate brokerage
cc419335,coldwell banker realty,real estate brokerage
cc423107,ss & b associates,real estate
cc377722,bloc,real estate office
cc382740,integra realty resources - boston,real estate
cc407456,unlimited realty solutionstraining academy,real estate school
cc416264,massic properties,real estate and property management
cc416788,preservation services group,real estate
cc419238,re/max select,real estate
cc423082,zander realty group,real estate brokerage
cc407457,nexthome unlimited realty solutions,real estate brokerage
cc416265,massic group,real estate and property management
cc418869,bilus on boston,real estate brokerage
cc419335,coldwell banker realty,real estate brokerage
cc423107,ss & b associates,real estate
cc312228,greater boston realty team,real estate
cc345279,elite waterfront properties,real estate
cc345802,parcels real estate,real estate broker
cc346083,lima partners,real estate investment
cc348422,newmark knight frank,real estate services
cc345189,the d.l saunders companies,real estate investment/leasing
cc345792,redline brokers,real estate brokerage
cc345831,rh properties,real estate
cc347839,concept properties,real estate
cc348525,all points properties,real estate
cc356063,prestige rental solutions,real estate
cc358838,cresa boston,real estate advisers
cc363822,the french real estate company,real estate brokerage
cc368834,fenway properties,real estate
cc370167,access,real estate brokerage
cc357472,bridge realty group,real estate
cc359634,lodge legacy real estate investments,real estate investments
cc367007,ethesee holdings,real estate
cc368919,perkins team,real estate rental
cc372076,sawyer management company,real estate property management
cc345279,elite waterfront properties,real estate
cc345802,parcels real estate,real estate broker
cc346083,lima partners,real estate investment
cc348422,newmark knight frank,real estate services
cc349992,the real estate analytics group,real estate
cc345792,redline brokers,real estate brokerage
cc345831,rh properties,real estate
cc347839,concept properties,real estate
cc348525,all points properties,real estate
cc350424,cabot  cabot & forbes,real estate
cc385622,raine properties,real estate
cc386432,coldwell banker choice properties,real estate brokerage
cc386790,community real estate & property management,real estate and property management
cc388984,rex homes,profit corp. real estate broker
cc389281,millie's realty,real estate
cc385624,c. raine williams,real estate
cc386776,northeast real estate group,real estate
cc387945,mjf properties,real estate brokerage
cc389225,carlson capital,real estate brokerage
cc391362,olde towne real estate co.,real estate sales / rentals
cc330985,navy yard realty,real estate
cc331101,1740 columbia road rental,real estate
cc356063,prestige rental solutions,real estate
cc198095,choices real estate,real estate company
cc199323,hammond residential real estate,residential real estate brokerage
cc331026,sell boston,real estate
cc331817,doors residential,real estate brokerage services
cc197976,powell realty group,real estate
cc198261,east coast realty,real estate
cc199374,puddingstone realty,real estate rentals and sales
cc388984,rex homes,profit corp. real estate broker
cc389281,millie's realty,real estate
cc391763,jamaica plain rentals and sales,real estate brokerage
cc396309,e & n investments,real estate
cc401655,the foley group,real estate
cc389225,carlson capital,real estate brokerage
cc391362,olde towne real estate co.,real estate sales / rentals
cc396293,priority home sales,real estate
cc398634,crossharbor senior debt income fund,commercial real estate loans
cc401714,t - evolution real estate services,real estate
cc381371,cbre/new england,commercial real estate
cc383498,anton real estate capital,real estate investment
cc385135,jl + core,real estate
cc385624,c. raine williams,real estate
cc386776,northeast real estate group,real estate
cc383465,greater boston rental team,real estate agency
cc384077,howe realty group,real estate
cc385622,raine properties,real estate
cc386432,coldwell banker choice properties,real estate brokerage
cc386790,community real estate & property management,real estate and property management
cc387945,mjf properties,real estate brokerage
cc389225,carlson capital,real estate brokerage
cc391362,olde towne real estate co.,real estate sales / rentals
cc396293,priority home sales,real estate
cc398634,crossharbor senior debt income fund,commercial real estate loans
cc388984,rex homes,profit corp. real estate broker
cc389281,millie's realty,real estate
cc391763,jamaica plain rentals and sales,real estate brokerage
cc396309,e & n investments,real estate
cc401655,the foley group,real estate
cc199895,splendor property,real estate
cc303423,mccormack & scanlan real estate,real estate
cc303715,mount vernon proprietors,real estate
cc304534,gbr,real estate
cc381369,cbre | new england,commercial real estate
cc200470,kelleher & co realty,real estate sales
cc303705,tmc realty group,real estate
cc203115,archstone north point,real estate
cc381019,corita angelita & co,real estate
cc381371,cbre/new england,commercial real estate
cc383498,anton real estate capital,real estate investment
cc385135,jl + core,real estate
cc385624,c. raine williams,real estate
cc386776,northeast real estate group,real estate
cc387945,mjf properties,real estate brokerage
cc384077,howe realty group,real estate
cc385622,raine properties,real estate
cc386432,coldwell banker choice properties,real estate brokerage
cc386790,community real estate & property management,real estate and property management
cc388984,rex homes,profit corp. real estate broker
cc396309,e & n investments,real estate
cc401655,the foley group,real estate
cc317555,allston properties,real estate
cc318951,northeast referral group,real estate brokerage
cc330515,prudential lyons group real estate,real estate
cc398634,crossharbor senior debt income fund,commercial real estate loans
cc401714,t - evolution real estate services,real estate
cc318102,greater investments real estate,real estate
cc330272,newbury street real estate,real estate
cc330517,lyons group real estate,real estate
cc312269,mk real estate associates,real estate
cc312525,atlantic retail properties,real estate
cc333213,the related realty group holco manager,real estate investment
cc334601,prestige rental solutions,real estate
cc335108,commonwealth babcock associates,real estate
cc312453,pleasant ventures realty trust,real estate
cc333096,east roxbury development company,real estate development
cc334411,buildwell properties,real estate broker
cc334690,dynasty real estate,real estate
cc337715,paul revere court apartments,real estate
cc199319,hammond residential real estate,residential real estate brokerage
cc199344,hammond real estate,real estate services
cc200413,cap real estate development,real estate
cc308608,274 amherst street,real estate consulting
cc353947,revolution realty,real estate
cc199333,hammond residential,real estate
cc199501,boltz real estate,real estate sales
cc308532,uphams corner development company,real estate
cc309044,boston homes,real estate
cc355413,the mutlu group,real estate brokerage
cc175220,waterfront square partners,real estate
cc331747,north river art,real estate
cc347843,santos residential brokerage firm,real estate brokerage
cc348423,newmark knight frank,real estate services
cc349478,bower,commercial real estate
cc175407,zoe realty trust,real estate
cc344978,newmark knight frank,real estate
cc347848,gadol investing,real estate investing/mngmt
cc348425,nnena odim,real estate
cc350108,uptown realty,real estate
cc353947,revolution realty,real estate
cc355671,jack buckley realty,real estate brokerage
cc357672,consolidated trust,real estate
cc360009,lineage realty group,real estate
cc361345,restart realty,real estate broker
cc355413,the mutlu group,real estate brokerage
cc357024,mtb properties,real estate
cc359210,providence house,real estate
cc360201,g.a. phllips associates,real estate
cc362783,investa realty,real estate broker
cc362783,investa realty,real estate broker
cc364323,chr apartments,real estate
cc364988,monterrosa consulting investments,business mgn/real estate
cc370817,re/max destiny,real estate
cc376135,heam real estate,real estate
cc364162,g2realty,real estate
cc364775,mtdre,real estate
cc369087,campus border,real estate
cc375859,great spaces era,real estate brokerage
cc310058,mcelligott development,real estate
cc339109,amanda bernice,real estate
cc339242,newmark knight frank,real estate services
cc340860,cbre/newengland,commercial real estate
cc342270,model living real estate,real estate
cc347843,santos residential brokerage firm,real estate brokerage
cc339240,newmark knight frank,real estate services
cc339404,wessen realty,real estate
cc341411,top view realty,real estate firm
cc344978,newmark knight frank,real estate
cc347848,gadol investing,real estate investing/mngmt
cc199302,caldwell real estate,real estate
cc199333,hammond residential,real estate
cc199501,boltz real estate,real estate sales
cc310058,mcelligott development,real estate
cc311943,boston real estate,real estate
cc199319,hammond residential real estate,residential real estate brokerage
cc199344,hammond real estate,real estate services
cc200413,cap real estate development,real estate
cc311510,centre realty group,real estate brokerage
cc312244,advantage real estate,real estate
cc312530,boston real estate company,real estate company
cc313532,buzga realty,real estate / property management
cc314323,pms realty,real estate management
cc316489,boston realty company,real estate
cc317675,w p lane & associates real estate,residential real estate
cc312592,fountains land,real estate brokerage
cc313533,bounty management and designs,real estate / property management
cc316488,boston real estate company,real estate
cc316514,realty holdings,real estate and trading
cc318242,lombardi & associates,law  real estate
cc316489,boston realty company,real estate
cc353947,revolution realty,real estate
cc355671,jack buckley realty,real estate brokerage
cc357672,consolidated trust,real estate
cc360009,lineage realty group,real estate
cc316514,realty holdings,real estate and trading
cc355413,the mutlu group,real estate brokerage
cc357024,mtb properties,real estate
cc359210,providence house,real estate
cc360201,g.a. phllips associates,real estate
cc344978,newmark knight frank,real estate
cc347848,gadol investing,real estate investing/mngmt
cc348425,nnena odim,real estate
cc350108,uptown realty,real estate
cc401974,flats boston,real estate
cc347843,santos residential brokerage firm,real estate brokerage
cc348423,newmark knight frank,real estate services
cc349478,bower,commercial real estate
cc351174,douglas elliman real estate,real estate brokerage
cc402234,dulith wijewardene,real estate broker
cc419328,coldwell banker nrt,real estate brokerage
cc423410,coldwell banker commercial realty,real estate brokersge
cc423412,coldwell banker commercial realty,real estate brokerage
cc308532,uphams corner development company,real estate
cc309044,boston homes,real estate
cc419342,coldwell banker nrt,real estate brokerage
cc423411,coldwell banker commercial realty,real estate brokerage
cc423757,fortified city,real estate
cc308608,274 amherst street,real estate consulting
cc379375,mari mari,real estate
cc423412,coldwell banker commercial realty,real estate brokerage
cc314323,pms realty,real estate management
cc316489,boston realty company,real estate
cc316532,t.n.7. condominium holding,real estate
cc381030,yi qian realty,real estate
cc423757,fortified city,real estate
cc316488,boston real estate company,real estate
cc316514,realty holdings,real estate and trading
cc314188,naomi scott realty,real estate
cc380376,the benjamin seaport residences,real estate investment
cc200542,eastern realty,real estate
cc379255,an listings,real estate investing
cc311746,joman realty,real estate
cc355974,step one properties,real estate
cc308865,s.t.a.r.t. real estate,real estate
cc317081,perry dinatale realty,real estate brokerage
cc380375,via seaport residences,real estate investment
cc356087,s.r. investments,real estate
cc308104,presidental properties,real estate company
cc309047,vsr real estate sales & development,real estate
cc301785,npn realty management,real estate
cc304355,paul revere court apartments,real estate
cc201365,voayage realty group,real estate
cc313343,unknown,real estate
cc391855,carr boston ventures,real estate investments
cc302850,empty nest realty,real estate
cc201092,harnett properties,real estate
cc312221,db enterprises,real estate
cc310536,eagle investment group,real estate investments
cc395813,weathervane realty,real estate
cc202035,k c p realty,real estate
cc308919,boston residential real estate,real estate
cc304104,highland real estate,real estate
cc302851,a 1 properties,real estate
cc186283 (14001441),146-210 stoneybrook realty trust,real estate
cc304417,property appraisal service,real estate appraisals
cc308105,saul xavier,real estate company
cc203332,exit entrepreneurs realty,real estate co
cc192499 (15002241),128 realty,real estate
cc193159 (15002919),174 l street,real estate
cc196427 (16001085),18 realty,real estate
cc196173 (16000808),a j realty,real estate / sales
cc188738 (14003984),advantage realty,real estate
cc192379 (15002118),advisors living,real estate
cc343837 (15000839),all-bright realty,real estate
cc196071 (16000700),50 congress street lawyers group,real estate
cc196255 (16000893),acclaim realty,real estate
cc344062 (16002114),advise realty,rlareal estate sales and renta
cc189399 (14004690),ag luxury properties,real estate sales and rentals
cc196013 (16000636),allegiance goverment relocation,real estate services
cc191832 (15001542),ameridream realty,real estate
cc191159 (15000846),arborview realty,real estate
cc194413 (15004227),atlas properties,real estate
cc193555 (15003320),back bay suites,real estate leasing
cc193015 (15002777),bay city group,real estate investments
cc186411 (14001577),anzalone realty,real estate office
cc184523 (13005016),aspire realty,real estate sale and rental
cc197098 (16001843),back bay residential,real estate
cc197332 (16002100),barnat development,real estate development and br
cc183527 (13003982),bay real estate,real estate
cc195886 (16000497),bay state residential properties,real estate brokerage
cc192518 (15002263),benjamin apartments & cityside homes,real estate brokerage
cc183907 (13004378),berkshire hathaway homeservices new england properties,real estate
cc194163 (15003969),bht properties,real estate rental
cc194125 (15003929),black oak properly advisors,real estate brokerage
cc195824 (16000432),beacon hill real estate,real estate
cc188736 (14003982),berkshire (real estate) group,real estate investment
cc191986 (15001709),berkshire hathaway homeservices warren residential,real estate brokerage
cc196274 (16000913),black key house,real estate
cc197015 (16001750),boardwalk properties,real estate
cc195135 (15004975),boardwalk properties,real estate office
cc195333 (15005182),boston area home search,real estate brokerage
cc196865 (16001579),boston condo group,real estate brokerage
cc188796 (14004040),boston investment & developement,real estate development
cc194891 (15004720),boston proper real estate,real estate
cc188321 (14003542),boggs properties,real estate/constructions
cc192552 (15002296),boston city properties,real estate brokerage
cc196212 (16000847),boston heritage realty,real estate agency
cc184861 (13005380),boston moves real estate,real estate sales & rentals
cc192370 (15002107),boston realty advisors,real estate
cc194639 (15004456),boston residential co,real estate
cc191996 (15001719),boston union realty,real estate office
cc196528 (16001191),boston's future finest,real estate broker
cc194153 (15003957),brandao properties,real estate
cc185416 (14000535),broadway realty trust,real estate
cc196384 (16001040),boston trust realty group,real estate
cc187292 (14002487),boston's best realty,real estate rentals / sales / mgt
cc185151 (14000266),boston's preferred properties,real estate brokerage
cc308012 (175061),brighton realty,real estate
cc196439 (16001096),brokers collaborative,real estate
cc184602 (13005099),bulgroup properties,real estate
cc312998 (13004985),burlington avalon,real estate
cc189373 (14004650),buyinboston,real estate
cc194864 (15004688),cabot & company,real estate
cc195524 (16000110),cambridge street associates,real estate management
cc196464 (16001122),burbs realty & investments,real estate brokerage
cc307950 (174350),bushari real estate,real estate
cc191379 (15001074),buyorrentrealestate.com,real estate brokerage
cc189885 (14005177),cabot management,real estate management
cc193302 (15003066),campbell appraisal services,real estate appraisal
cc331490 (16001068),canton avalon,real estate
cc189059 (14004334),carrington real estate services,real estate brokerage firm
cc194447 (15004259),castle financial and tax services,real estate brokerage
cc194073 (15003871),cbre/grossman retail advisors,commercial real estate
cc190162 (14005453),century 21 mario real estate,real estate
cc308050 (175341),carole white associates,real estate
cc191367 (15001063),carucci group,real estate
cc186312 (14001472),cbre econometric advisors,real estate research and consulting
cc196745 (16001443),cdixon investment group,investment / real estate
cc191543 (15001246),century21 portman properties,real estate sales  rentals  etc
cc307760 (14004565),chestnut hill avalon,real estate ownership/operatio
cc189912 (14005204),city garden,real estate
cc193005 (15002767),cityscapes international realty group,real estate office
cc190551 (15000208),coastal real estate advisors,real estate sales & marketing
cc191745 (15001455),commonwealth residential,real estate agency
cc185135 (14000249),church realty,real estate
cc194735 (15004555),city residential boston,real estate
cc190265 (14005558),club realty,real estate
cc189109 (14004388),colliers international valuation & advisory services,commercial real estate firm
cc193856 (15003644),commonwealth ventures,commercial real estate
cc316389 (15002795),compass,real estate brokerage
cc316390 (15002800),compass real estate ma,real estate brokerage
cc185295 (14000418),copley investments companies,real estate
cc196654 (16001333),crest realty management,real estate
cc183494 (13003947),d & d realty,real estate
cc316387 (15002680),compass real estate,real estate brokerage
cc191390 (15001085),copley house,real estate
cc190401 (15000058),craft realty,real estate
cc191826 (15001536),cronin real estate,real estate sales
cc196839 (16001551),delaware mayflower realty,real estate
cc188908 (14004169),denenberg realty advisors,real estate
cc195133 (15004973),douglas paul real estate,real estate office
cc195036 (15004874),east boston real estate,real estate
cc194554 (15004368),eclipse realty,real estate
cc193089 (15002847),emerald realty & consulting,real estate
cc186481 (14001644),dot homes realty,real estate
cc188226 (14003452),dsl real estate holdings,real estate renovation/flip
cc194776 (15004599),easy realty group,real estate sales
cc191430 (15001129),elite realty,real estate
cc195539 (16000127),engel & volkers boston,real estate
cc195539 (16000127),engel & volkers boston,real estate
cc343998 (16001130),ervinproperties,real estate
cc192585 (15002330),exit bayside realty,real estate brokerage
cc196051 (16000675),fitzpatrick real estate,real estate offfice
cc197214 (16001971),four c,real estate management
cc195401 (15005264),engel & volkers metro boston,real estate sales & leasing
cc313087 (15001394),exeter avalon,real estate
cc193895 (15003686),financeboston,real estate
cc195294 (15005140),focus real estate,real estate brokerage & sales
cc312991 (13004443),framingham avalon,real estate
cc195539 (16000127),engel & volkers boston,real estate
cc343998 (16001130),ervinproperties,real estate
cc192585 (15002330),exit bayside realty,real estate brokerage
cc196051 (16000675),fitzpatrick real estate,real estate offfice
cc197214 (16001971),four c,real estate management
cc195401 (15005264),engel & volkers metro boston,real estate sales & leasing
cc313087 (15001394),exeter avalon,real estate
cc193895 (15003686),financeboston,real estate
cc195294 (15005140),focus real estate,real estate brokerage & sales
cc312991 (13004443),framingham avalon,real estate
cc195539 (16000127),engel & volkers boston,real estate
cc343998 (16001130),ervinproperties,real estate
cc192585 (15002330),exit bayside realty,real estate brokerage
cc196051 (16000675),fitzpatrick real estate,real estate offfice
cc197214 (16001971),four c,real estate management
cc195401 (15005264),engel & volkers metro boston,real estate sales & leasing
cc313087 (15001394),exeter avalon,real estate
cc193895 (15003686),financeboston,real estate
cc195294 (15005140),focus real estate,real estate brokerage & sales
cc312991 (13004443),framingham avalon,real estate
cc344060 (16002052),gate one beachmont,real estate
cc189605 (14004901),gibson sotheby's international realty,real estate
cc192030 (15001752),gibson sotheby's international realty,real estate brokerage
cc196885 (16001601),gnb realty ts,real estate
cc196599 (16001267),gray investment properties,real estate property managemen
cc344113 (175137),gate waterfront square,real estate
cc189606 (14004902),gibson sotheby's international realty,real estate
cc196587 (16001255),gmkj property group,real estate rentals
cc196374 (16001029),goldman real estate,real estate brokerage
cc183573 (13004031),greenhouse realty,real estate
cc192022 (15001744),h & l real estate & associate,real estate 81 associate
cc186077 (14001224),harrison properties,real estate
cc195411 (15005273),haus of realty,real estate
cc196363 (16001018),hickman consulting,real estate consulting
cc191942 (15001662),homeside realty,real estate
cc184399 (13004892),hacienda realty and insurance,real estate and insurance
cc192486 (15002227),harrison realty,real estate
cc183133 (13003603),helm residential,real estate office
cc344064 (16002126),hingham avalon,real estate
cc344003 (1600127),hub25,real estate
cc193685 (15003463),i buy houses,real estate development
cc193072 (15002828),institutional property advisors,real estate brokerage
cc186504 (14001666),jack conway & co,real estate sales
cc188570 (14003810),jamaica hill realty,real estate
cc197226 (16001983),jana real estate,real estate
cc308025 (175129),imperial decorations,event planning and real estate
cc182806 (13003259),international realty,real estate management
cc196842 (16001554),jacob realty,real estate
cc193424 (15003192),jamaica plain realty,real estate
cc193859 (15003647),jasen daniel real estate,real estate
cc184550 (13005044),jeymar's realty,real estate office
cc195548 (16000136),jvc development,real estate development
cc187528 (14002732),kava realty group,real estate
cc332921 (16002202),key realty group,real estate brokerage
cc196172 (16000807),ksy real estate,real estate
cc195306 (15005153),jonathan marsh real estate,real estate
cc196143 (16000775),k s contractors handyman real estate services,handyman / real estate
cc195725 (16000328),kevin berry real estate,real estate sales and rentals
cc195721 (16000324),kr management,real estate/property managemen
cc193873 (15003661),landmark unlimited realty,real estate
cc191600 (15001303),lauchlin real estate group,real estate
cc193796 (15003581),legacy building & realty,buliding/real estate investmen
cc189953 (14005245),liberty realty,real estate
cc192772 (15002519),lokos realty & asset management,real estate office
cc191169 (15000857),lubertos rental,real estate
cc187688 (14002917),lee realty boston,real estate
cc316293 (14001235),lf holyoke property,real estate investment
cc188526 (14003761),linnane real estate,real estate sales / leasing
cc194079 (15003877),louisburg properties,real estate
cc190805 (15000468),luxury homes,real estate
cc196210 (16000845),m & r maintenance services,real estate agency
cc195716 (16000318),marc roos realty,real estate
cc312988 (13004385),marlborough avalon,real estate
cc191054 (15000738),mass realty advisors,real estate
cc192810 (15002559),matt white-realtors,real estate
cc194825 (15004649),mapora properties,real estate
cc186231 (14001381),marcus & millichap reis of atlanta,real estate
cc192324 (15002057),marsh properties,real estate
cc190179 (14005471),massbay realty,real estate brokerage
cc187085 (14002282),maureen connolly real estate,insurance & real estate
cc184195 (13004694),mc property group,real estate
cc197050 (16001788),metropolitan appraisal services,real estate appraisals
cc332876 (15003247),mhm really,real estate
cc196317 (16000960),moran residential advisory group,real estate advisory services
cc195001 (15004836),mount vernon proprietors,real estate
cc195844 (16000452),mdo realty advisors,real estate
cc195208 (15005049),metropolitan group,real estate services
cc185831 (14000965),mobile realty works,real estate
cc184502 (13004992),morrison group,real estate / marketing
cc193675 (15003453),mrr management,real estate
cc196211 (16000846),myboston properties,real estate agency
cc312975 (13002826),nashua avalon,real estate-ch 227 sec 5a
cc187525 (14002730),neoscape,3d visualization of real estate
cc197316 (16002082),newmark grubb knight frank,real estate brokerage
cc183131 (13003601),niles realty,real estate
cc184054 (13004538),nai hunneman commercial company,investment finance real estate
cc313086 (15001393),natick avalon,real estate
cc194622 (15004439),new england premier properties,real estate
cc191445 (15001144),nextgen realty,real estate
cc187672 (14002899),njs real estate,real estate
cc180728 (13001114),north river bedrock,real estate
cc185766 (14000896),nubian capital,real estate
cc191013 (15000691),one call realty,real estate agency
cc197021 (16001756),our lady's guild house,real estate
cc197435 (175570),owners.com,real estate brokerage company
cc312992 (13004479),northborough avalon,real estate
cc344061 (16002053),one beachmont partners,real estate
cc195059 (15004896),one of a kind builders,real estate
cc194334 (15004143),own a home,consulting for real estate
cc191864 (15001575),peg properties & design,real estate
cc191863 (15001574),peg properties management,real estate
cc192311 (15002043),perishable management services,real estate broker
cc193597 (15003366),perpetual real estate,real estate brokerage
cc197162 (16001911),philbin realty and renovations,real estate and brokerage
cc195191 (15005032),pizzuti development,real estate
cc188967 (14004239),period holdings,antiques and real estate
cc191854 (15001564),perlera real estate,real estate
cc192648 (15002392),perry brokerage associates,real estate development
cc194120 (15003924),pioneer realty group,real estate
cc195192 (15005033),pizzuti development,real estate
cc187923 (14003143),pondside realty,real estate
cc197406 (174110),preferred real estate group,real estate
cc191328 (15001022),prime realty,real estate
cc194877 (15004705),project rain,real estate
cc196815 (16001524),ranza real estate,real estate sales
cc196592 (16001260),post hospitality group,real estate
cc195686 (16000281),premier boston realty,real estate
cc188781 (14004028),prime realty group,real estate
cc184364 (13004859),prudential unlimited realty,real estate company
cc189524 (14004817),re/max achievers,real estate
cc196370 (16001025),ready rentals,real estate
cc190381 (15000037),realty maxx,real estate
cc195305 (15005152),relax realty,real estate
cc193271 (15003035),reo solutions,real estate
cc187973 (14003197),rhault propeties,real estate holding
cc197064 (16001803),real solutions realty service,real estate
cc196360 (16001013),realty maxx,real estate services
cc188398 (14003622),remax luxury living,real estate
cc195583 (16000172),restaurants at fp,rental real estate
cc307613 (13004527),rkf,real estate brokerage  etc
cc182332 (13002765),rmg - realty management group,real estate
cc190904 (15000574),rock hill realty,real estate services
cc197261 (16002022),rome realty,real estate
cc307654 (13005389),rule real estate,real estate
cc307907 (16002316),sage realty,real estate
cc307612 (13004526),robert k futterman & associates,real estate brokeragel consx
cc195296 (15005142),rock hill residential group,real estate office
cc307999 (174759),rpc,real estate development
cc343995 (16001030),rushlight real estate trust,real estate
cc196521 (16001185),save my home realty,real estate
cc187783 (14003004),savills studley,real estate brokerage
cc188511 (14003739),sheets realty,real estate
cc308017 (175088),shop 4 homes realty,real estate
cc189262 (14004540),ssg development and construction,real estate
cc191197 (15000885),steven cohen team,real estate marketing
cc189167 (14004445),seawright realty group,real estate company
cc187420 (14002620),sheets realty trust,real estate
cc308032 (175204),southview realty group,real estate
cc193063 (15002819),stephen mermelstein,real estate
cc196306 (16000949),street & company,real estate sales  rental & management
cc193333 (15003098),suzanne lyons properties,real estate broker
cc308066 (175442),t m w enterprises,real estate
cc197129 (16001874),tasos realty,real estate
cc194298 (15004106),tcc realty group,real estate sales
cc196233 (16000870),the abbey group,real estate
cc186160 (14001312),symphony properties,real estate broker
cc308045 (175324),t. realty trust,real estate
cc196903 (16001622),taylor made realty group,real estate
cc194801 (15004625),ten-x,real estate related services
cc194527 (15004339),the baldwin @ longwood medical area,rentals & real estate manageme
cc189894 (14005186),the benjamin one seaport square,real estate investment
cc196712 (16001398),the charles realty,real estate firm
cc196808 (16001517),the fallon realty co,real estate
cc197342 (16002111),the flatley company,commercial real estate
cc188468 (14003697),the gateway real estate group,real estate brokerage
cc196220 (16000855),the boston home team,real estate
cc193971 (15003768),the eddy,real estate development
cc197340 (16002109),the flatley company,commercial real estate
cc197341 (16002110),the flatley company,commercial real estate
cc189155 (14004433),therese ryan real estate,real estate
cc196976 (16001705),thumbprint realty,real estate
cc187378 (14002578),town line realty,real estate
cc343997 (16001128),trident properties,real estate
cc188742 (14003987),unlimited sotheby's intemational realty,real estate company
cc191865 (15001576),urban edge realty,real estate
cc196458 (16001116),tk family investments,real estate purchase and sales
cc196377 (16001033),tri state realty,real estate
cc185986 (14001128),turning point real estate,real estate
cc195689 (16000286),upper echelon realty,real estate agent
cc189890 (14005182),via one seaport square,real estate investment
cc193588 (15003358),victorian realty group,real estate
cc196518 (16001182),vital source realty,real estate
cc344116 (175220),waterfront square partners,real estate
cc190010 (14005303),weichert  realtors - hudson morgan group,real estate office
cc195804 (16000411),westland realty group,real estate
cc196676 (16001357),vieira realty,real estate
cc184266 (13004765),wallace property,real estate
cc316386 (15002604),weichert of new england,real estate
cc196287 (16000929),westborne group,real estate / trading
cc192387 (15002126),wework,real estate leasing and services
cc183664 (13004127),winnresidential - 1542 columbus,real estate management
cc183688 (13004153),winnresidential - 4-4a forest street,real estate management
cc184460 (13004947),winnresidential - adams court - a,real estate management
cc183690 (13004155),winnresidential - amory terrace,real estate management
cc184462 (13004949),winnresidential - beauford green condominium,real estate management
cc183665 (13004128),winnresidential - 2010 columbus,real estate management
cc183689 (13004154),winnresidential - academy homes i,real estate management
cc184461 (13004948),winnresidential - adams court - b,real estate management
cc183691 (13004156),winnresidential - bancroft,real estate management
cc183673 (13004136),winnresidential - brown kaplan,real estate management
cc189871 (14005162),winnresidential-cottage brook,real estate management
cc184466 (13004953),winnresidential - dartmouth hotel,real estate management
cc183694 (13004160),winnresidential - egleston crossing,real estate management
cc183675 (13004139),winnresidential - erie-ellington,real estate management
cc183697 (13004163),winnresidential - infill 2,real estate management
cc183701 (13004167),winnresidential - daly house,real estate management
cc183662 (13004125),winnresidential - egleston center,real estate management
cc183695 (13004161),winnresidential - ennis highland,real estate management
cc184458 (13004945),winnresidential - hope in dorchester,real estate management
cc183698 (13004164),winnresidential - la concha,real estate management
cc183677 (13004142),winnresidential - latin academy i,real estate management
cc183699 (13004165),winnresidential - madison park ill,real estate management
cc183672 (13004135),winnresidential - mainstay house,real estate management
cc183680 (13004145),winnresidential - norfolk terrace,real estate management
cc184596 (13005092),winnresidential - olmstead green phase 3,real estate management
cc183678 (13004143),winnresidential - lbb apartments,real estate management
cc183700 (13004166),winnresidential - madison park iv,real estate management
cc183679 (13004144),winnresidential - new girls latin academy,real estate management
cc183661 (13004124),winnresidential - nuestra palladio,real estate management
cc183666 (13004129),winnresidential - on the square,real estate management
cc184459 (13004946),winnresidential - park street congregate housing,real estate management
cc183682 (13004147),winnresidential - quincy geneva il,real estate management
cc183702 (13004168),winnresidential - roxbury development,real estate management
cc183703 (13004169),winnresidential - senior vacant unit,real estate management
cc184465 (13004952),winnresidential - stafford heights,real estate management
cc183681 (13004146),winnresidential - phillips brooks,real estate management
cc183683 (13004148),winnresidential - quincy geneva iv,real estate management
cc184464 (13004951),winnresidential - sargent prince,real estate management
cc183704 (13004170),winnresidential - smith house,real estate management
cc183684 (13004149),winnresidential - talbot bernard senior housing,real estate management
