,BEI_companyName,BEI_Cohort,BEI_Address,BEI_City,BEI_State,BEI_Zip,BEI_yearEstablished,BEI_NAICSCode,BEI_Sector,BEI_numberOfEmployees,BEI_execName,BEI_execTitle,BEI_execEth,BEI_revenue,BEI_Sustained Revenues >$800K,BEI_Website,BEI_phone,BEI_Strong Leadership and Willing to ready to grow,BEI_Demonstrated Proven Business Model,"BEI_51% owned, operated, capitalized and controlled by a member(s) of a presumed minority group",MBE_Cohort,MBE_Address,MBE_City,MBE_State,MBE_Zip,MBE_yearEstablished,MBE_NAICSCode,MBE_Sector,MBE_numberOfEmployees,MBE_execName,MBE_execTitle,MBE_execEth,MBE_revenue,MBE_Sustained Revenues >$800K,MBE_Website,MBE_phone,MBE_Strong Leadership and Willing to ready to grow,MBE_Demonstrated Proven Business Model,MBE_referenceUSA_indicator,referenceUSA_companyName,"MBE_51% owned, operated, capitalized and controlled by a member(s) of a presumed minority group",MVCF_Address,MVCF_City,MVCF_State,MVCF_Zip,MVCF_yearEstablished,MVCF_NAICSCode,MVCF_Sector,MVCF_numberOfEmployees,MVCF_execName,MVCF_execTitle,MVCF_execEth,MVCF_revenue,MVCF_Sustained Revenues >$800K,MVCF_Website,MVCF_phone,MVCF_Strong Leadership and Willing to ready to grow,MVCF_Demonstrated Proven Business Model,"MVCF_51% owned, operated, capitalized and controlled by a member(s) of a presumed minority group",NAIC_Address,NAIC_City,NAIC_State,NAIC_Zip,NAIC_yearEstablished,NAIC_NAICSCode,NAIC_sector,NAIC_numberOfEmployees,NAIC_execName,NAIC_execTitle,NAIC_execEth,NAIC_revenue,NAIC_Sustained Revenues >$800K,NAIC_Website,NAIC_phone,NAIC_Strong Leadership and Willing to ready to grow,NAIC_Demonstrated Proven Business Model,"NAIC_51% owned, operated, capitalized and controlled by a member(s) of a presumed minority group",USBC_companyAddress,USBC_City,USBC_State,USBC_Zip,USBC_yearEstablished,USBC_NAICCode,USBC_sector,USBC_numberOfEmployees,USBC_execName,USBC_execTitle,USBC_executiveRace,USBC_revenue,USBC_Sustained Revenues >$800K,USBC_Website,USBC_phone,USBC_Strong Leadership and Willing to ready to grow,USBC_Demonstrated Proven Business Model,"USBC_51% owned, operated, capitalized and controlled by a member(s) of a presumed minority group",RefUSA_address,RefUSA_City,RefUSA_State,RefUSA_Zip,RefUSA_yearEstablished,RefUSA_NAICSCode,RefUSA_sector,RefUSA_numberOfEmployees,RefUSA_execName,RefUSA_execTitle,RefUSA_execEth,RefUSA_revenue,RefUSA_Sustained Revenues >$800K,RefUSA_Website,RefUSA_phone,RefUSA_Strong Leadership and Willing to ready to grow,RefUSA_Demonstrated Proven Business Model,"RefUSA_51% owned, operated, capitalized and controlled by a member(s) of a presumed minority group",Name,Ethnicity
18,24 Hour Semi Truck & Trailer,,,,,,,,,,,,,,,,,,,,,,,,,,,,,,,,,,,,,,,,,,,,,,,,,,,,,,,,,,,,,,,,,,,,,,,,,,,,,,,,,,,,,,,,,,,,,,,12 Lambeth Park Dr Fairhaven,,MA,2719.0, NA,811111.0,,4,Queen Fora,ceo,African American,"$504,000.00",,,(413) 628-1429,,,,Queen Fora,African American
47,7-Eleven,,,,,,,,,,,,,,,,,,,,,,,,,,,,,,,,,,,,,,,,,,,,,,,,,,,,,,,,,,,,,,,,,,,,,,,,,,,,,,,,,,,,,,,,,,,,,,,103 State St Boston,,MA,2109.0, NA,445120.0,,5_9,,,,"$1,343,000.00",,,(617) 723-0464,,,,Elias Abielias,African American
344,A123systems,,,,,,,,,,,,,,,,,,,,,,,,,,,,,,,,,,,,,,,,,,,,,,,,,,,,,,,,,,,,,,,,,,,,,,,,,,,,,,,,,,,,,,,,,,,,,,,200 West St # 3 Waltham,,MA,2451.0,2009,335911.0,,1_4,James Paye,senior vp,African American,"$654,000.00",,,(617) 778-5700,,,,James Paye,African American
525,Adams Motor Transportation Inc,,,,,,,,,,,,,,,,,,,,,,,,,,,,,,,,,,,,,,,,,,,,,,,,,,,,,,,,,,,,,,,,,,,,,,,,,,,,,,,,,,,,,,,,,,,,,,,631 Walk Hill St Mattapan,,MA,2126.0, NA,485510.0,,15,Leroy Adams,"owner, president, treasurer, board member",African American,"$2,098,000.00",,,(617) 296-1930,,,,Leroy Adams,African American
544,Adonai Mobile Food Mart Inc,,,,,,,,,,,,,,,,,,,,,,,,,,,,,,,,,,,,,,,,,,,,,,,,,,,,,,,,,,,,,,,,,,,,,,,,,,,,,,,,,,,,,,,,,,,,,,,31 West St # 4 Randolph,,MA,2368.0,2017,722330.0,,5_9,Gloria O Olatunji,"president, board member",African American,"$557,000.00",,,,,,,Gloria O Olatunji,African American
632,Advanced Laser Thrpy Metro Wst,,,,,,,,,,,,,,,,,,,,,,,,,,,,,,,,,,,,,,,,,,,,,,,,,,,,,,,,,,,,,,,,,,,,,,,,,,,,,,,,,,,,,,,,,,,,,,,118 Forest Ave # 205 Hudson,,MA,1749.0, NA,621999.0,,5_9,Claudine Hessmer-Husain,president,African American,"$1,194,000.00",,,(978) 562-4222,,,,Claudine Hessmer-Husain,African American
688,Affordable Roofing Co,,,,,,,,,,,,,,,,,,,,,,,,,,,,,,,,,,,,,,,,,,,,,,,,,,,,,,,,,,,,,,,,,,,,,,,,,,,,,,,,,,,,,,,,,,,,,,,PO Box 3090 Beverly,,MA,1915.0, NA,237310.0,,3,Mickey Bimbo,owner,African American,"$887,000.00",,,(978) 304-6954,,,,Mickey Bimbo,African American
692,Africamouth.Com Inc,,,,,,,,,,,,,,,,,,,,,,,,,,,,,,,,,,,,,,,,,,,,,,,,,,,,,,,,,,,,,,,,,,,,,,,,,,,,,,,,,,,,,,,,,,,,,,,40 Fairlawn Ave Mattapan,,MA,2126.0,2017,541890.0,,10_19,Linus Idemudia,owner,African American,"$3,988,000.00",,,,,,,Linus Idemudia,African American
726,Ailing Pets Inc,,,,,,,,,,,,,,,,,,,,,,,,,,,,,,,,,,,,,,,,,,,,,,,,,,,,,,,,,,,,,,,,,,,,,,,,,,,,,,,,,,,,,,,,,,,,,,,3 Rockville Park Roxbury,,MA,2119.0, NA,812910.0,,10_19,Latonya Burnett,"owner, president, treasurer, board member",African American,"$609,000.00",,,,,,,Latonya Burnett,African American
886,Allstate Insurance,,,,,,,,,,,,,,,,,,,,,,,,,,,,,,,,,,,,,,,,,,,,,,,,,,,,,,,,,,,,,,,,,,,,,,,,,,,,,,,,,,,,,,,,,,,,,,,921 Belmont Ave Springfield,,MA,1108.0, NA,524210.0,,6,Kwadwo Dankyi-Ampadu,owner,African American,"$828,000.00",,,(413) 827-7700,,,,Kwadwo Dankyi-Ampadu,African American
1016,American Commercial Rl Est,,,,,,,,,,,,,,,,,,,,,,,,,,,,,,,,,,,,,,,,,,,,,,,,,,,,,,,,,,,,,,,,,,,,,,,,,,,,,,,,,,,,,,,,,,,,,,,42 Brush Hill Rd Sherborn,,MA,1770.0, NA,531210.0,,5,Dusty Burke,owner,African American,"$680,000.00",,,(508) 655-5423,,,,Dusty Burke,African American
1017,American Corporate Training,,,,,,,,,,,,,,,,,,,,,,,,,,,,,,,,,,,,,,,,,,,,,,,,,,,,,,,,,,,,,,,,,,,,,,,,,,,,,,,,,,,,,,,,,,,,,,,628 Trapelo Rd Belmont,,MA,2478.0, NA,541612.0,,5_9,Ahmed A Taha,"president, treasurer, board member",African American,"$972,000.00",,,,,,,Ahmed A Taha,African American
1067,Amesbury Children's Theatre,,,,,,,,,,,,,,,,,,,,,,,,,,,,,,,,,,,,,,,,,,,,,,,,,,,,,,,,,,,,,,,,,,,,,,,,,,,,,,,,,,,,,,,,,,,,,,,21 California St Amesbury,,MA,1913.0,2016,711110.0,,10_19,Derek Balaam,owner,African American,"$1,295,000.00",,,,,,,Derek Balaam,African American
1119,Andri Cleaning Svc,,,,,,,,,,,,,,,,,,,,,,,,,,,,,,,,,,,,,,,,,,,,,,,,,,,,,,,,,,,,,,,,,,,,,,,,,,,,,,,,,,,,,,,,,,,,,,,22 Everett Ave # 2 Somerville,,MA,2145.0,2007,238990.0,,5_9,Gilson Lorenco,owner,African American,"$546,000.00",,,(617) 651-5918,,,,Gilson Lorenco,African American
1178,Anvil Steel Engineering Inc,,,,,,,,,,,,,,,,,,,,,,,,,,,,,,,,,,,,,,,,,,,,,,,,,,,,,,,,,,,,,,,,,,,,,,,,,,,,,,,,,,,,,,,,,,,,,,,256 Prospect Hill St Taunton,,MA,2780.0, NA,541330.0,,5_9,Lamont Davis,"president, treasurer, board member",African American,"$1,485,000.00",,,,,,,Lamont Davis,African American
1181,Anze Global Logistics & Shppng,,,,,,,,,,,,,,,,,,,,,,,,,,,,,,,,,,,,,,,,,,,,,,,,,,,,,,,,,,,,,,,,,,,,,,,,,,,,,,,,,,,,,,,,,,,,,,,45 Harrison St Roslindale,,MA,2131.0, NA,541611.0,,10_19,Anselm K Nwankwo,"president, treasurer, board member",African American,"$3,624,000.00",,,,,,,Anselm K Nwankwo,African American
1234,Arc Care At Home Inc,,,,,,,,,,,,,,,,,,,,,,,,,,,,,,,,,,,,,,,,,,,,,,,,,,,,,,,,,,,,,,,,,,,,,,,,,,,,,,,,,,,,,,,,,,,,,,,440 Pleasant St # B Malden,,MA,2148.0,2016,621610.0,,10_19,Charles T Mwangi,"ceo, president, treasurer, board member",African American,"$880,000.00",,,,,,,Charles T Mwangi,African American
1341,Artistry Management Group,,,,,,,,,,,,,,,,,,,,,,,,,,,,,,,,,,,,,,,,,,,,,,,,,,,,,,,,,,,,,,,,,,,,,,,,,,,,,,,,,,,,,,,,,,,,,,,53 Edwin St # 1 Dorchester,,MA,2124.0,2016,561110.0,,5_9,Ebony Stallings,owner,African American,"$1,363,000.00",,,,,,,Ebony Stallings,African American
1456,Attleboro Locksmith,,,,,,,,,,,,,,,,,,,,,,,,,,,,,,,,,,,,,,,,,,,,,,,,,,,,,,,,,,,,,,,,,,,,,,,,,,,,,,,,,,,,,,,,,,,,,,,123 County St Attleboro,,MA,2703.0, NA,423710.0,,5_9,Lionel Reynolds,owner,African American,"$6,766,000.00",,,(508) 342-5053,,,,Lionel Reynolds,African American
1747,Awakening Excellence,,,,,,,,,,,,,,,,,,,,,,,,,,,,,,,,,,,,,,,,,,,,,,,,,,,,,,,,,,,,,,,,,,,,,,,,,,,,,,,,,,,,,,,,,,,,,,,1208a Vfw Pkwy West Roxbury,,MA,2132.0, NA,812112.0,,5_9,Emmanuelle Renelique,owner,African American,"$509,000.00",,,(617) 942-8664,,,,Emmanuelle Renelique,African American
3100,Banka General Staffing,,,,,,,,,,,,,,,,,,,,,,,,,,,,,,,,,,,,,,,,,,,,,,,,,,,,,,,,,,,,,,,,,,,,,,,,,,,,,,,,,,,,,,,,,,,,,,,2 Littleton Rd # 2 Ayer,,MA,1432.0, NA,541612.0,,3,Baraka Bitariho,owner,African American,"$528,000.00",,,(978) 391-4210,,,,Baraka Bitariho,African American
3137,Bankole Logistics Inc,,,,,,,,,,,,,,,,,,,,,,,,,,,,,,,,,,,,,,,,,,,,,,,,,,,,,,,,,,,,,,,,,,,,,,,,,,,,,,,,,,,,,,,,,,,,,,,75 Robbins St Lowell,,MA,1851.0,2016,541611.0,,10_19,Bankole Ayo Ogunde,"ceo, president, vice president, cfo, treasurer, board member",African American,"$2,110,000.00",,,,,,,Bankole Ayo Ogunde,African American
3211,Bay Sails Marine Inc,,,,,,,,,,,,,,,,,,,,,,,,,,,,,,,,,,,,,,,,,,,,,,,,,,,,,,,,,,,,,,,,,,,,,,,,,,,,,,,,,,,,,,,,,,,,,,,2568 State Hwy Rte 6 Wellfleet,,MA,2667.0,1970,441222.0,,15,Lyle Butts,owner,African American,"$8,359,000.00",,,(508) 349-3840,,,,Lyle Butts,African American
3221,Bay State Medical Equipment,,,,,,,,,,,,,,,,,,,,,,,,,,,,,,,,,,,,,,,,,,,,,,,,,,,,,,,,,,,,,,,,,,,,,,,,,,,,,,,,,,,,,,,,,,,,,,,207 Bedford St # 11 Lakeville,,MA,2347.0, NA,423450.0,,2,Ene Inyang,owner,African American,"$2,236,000.00",,,(508) 427-5772,,,,Ene Inyang,African American
3229,Bay States Best Hm Healthcare,,,,,,,,,,,,,,,,,,,,,,,,,,,,,,,,,,,,,,,,,,,,,,,,,,,,,,,,,,,,,,,,,,,,,,,,,,,,,,,,,,,,,,,,,,,,,,,485 Massachusetts Ave Cambridge,,MA,2139.0,2016,621610.0,,10_19,Obinna S Nwosu,"president, treasurer, board member",African American,"$880,000.00",,,,,,,Obinna S Nwosu,African American
3254,Baystate Industries,,,,,,,,,,,,,,,,,,,,,,,,,,,,,,,,,,,,,,,,,,,,,,,,,,,,,,,,,,,,,,,,,,,,,,,,,,,,,,,,,,,,,,,,,,,,,,,6 Cherry Tree Ln Foxboro,,MA,2035.0, NA,423990.0,,2,Osei T Poku,"owner, president, board member",African American,"$1,872,000.00",,,(781) 760-4747,,,,Osei T Poku,African American
3495,Beaton Management Co,,,,,,,,,,,,,,,,,,,,,,,,,,,,,,,,,,,,,,,,,,,,,,,,,,,,,,,,,,,,,,,,,,,,,,,,,,,,,,,,,,,,,,,,,,,,,,,150 Summer St Haverhill,,MA,1830.0, NA,523930.0,,4,Terrence Beaton,owner,African American,"$1,298,000.00",,,(978) 372-3008,,,,Terrence Beaton,African American
3522,Bel Mar Travel Tours,,,,,,,,,,,,,,,,,,,,,,,,,,,,,,,,,,,,,,,,,,,,,,,,,,,,,,,,,,,,,,,,,,,,,,,,,,,,,,,,,,,,,,,,,,,,,,,1333 Blue Hill Ave # 1 Mattapan,,MA,2126.0, NA,561510.0,,2,Marlene Belizaire,owner,African American,"$538,000.00",,,(617) 298-6896,,,,Marlene Belizaire,African American
3625,Bernard M Sullivan Ins Agcy,,,,,,,,,,,,,,,,,,,,,,,,,,,,,,,,,,,,,,,,,,,,,,,,,,,,,,,,,,,,,,,,,,,,,,,,,,,,,,,,,,,,,,,,,,,,,,,11 Market St Ipswich,,MA,1938.0, NA,524210.0,,4,Jeremiah Lewis,owner,African American,"$647,000.00",,,(978) 356-5511,,,,Jeremiah Lewis,African American
3729,Better Life At Home Inc,,,,,,,,,,,,,,,,,,,,,,,,,,,,,,,,,,,,,,,,,,,,,,,,,,,,,,,,,,,,,,,,,,,,,,,,,,,,,,,,,,,,,,,,,,,,,,,292 Salem St Revere,,MA,2151.0,2016,621610.0,,10_19,Maxwell Opara,"president, treasurer",African American,"$718,000.00",,,,,,,Maxwell Opara,African American
3817,Black Point Inc,,,,,,,,,,,,,,,,,,,,,,,,,,,,,,,,,,,,,,,,,,,,,,,,,,,,,,,,,,,,,,,,,,,,,,,,,,,,,,,,,,,,,,,,,,,,,,,8 Faneuil Hall Market Pl Boston,,MA,2109.0, NA,561110.0,,2,Dorsey Gardner,owner,African American,"$546,000.00",,,(617) 973-6420,,,,Dorsey Gardner,African American
3839,Bloo Solutions,,,,,,,,,,,,,,,,,,,,,,,,,,,,,,,,,,,,,,,,,,,,,,,,,,,,,,,,,,,,,,,,,,,,,,,,,,,,,,,,,,,,,,,,,,,,,,,621 Grattan St Chicopee,,MA,1020.0, NA,811212.0,,6,Jeremiah Beaudry,owner,African American,"$858,000.00",,,(413) 536-5044,,,,Jeremiah Beaudry,African American
3860,Blue Nile Inc,,,,,,,,,,,,,,,,,,,,,,,,,,,,,,,,,,,,,,,,,,,,,,,,,,,,,,,,,,,,,,,,,,,,,,,,,,,,,,,,,,,,,,,,,,,,,,,389 Centre St Jamaica Plain,,MA,2130.0, NA,722511.0,,5_9,Yosef Haile,"president, treasurer, board member",African American,"$598,000.00",,,(617) 522-6453,,,,Yosef Haile,African American
3867,Bluerock Therapeutics,,,,,,,,,,,,,,,,,,,,,,,,,,,,,,,,,,,,,,,,,,,,,,,,,,,,,,,,,,,,,,,,,,,,,,,,,,,,,,,,,,,,,,,,,,,,,,,1 Broadway # 15 Cambridge,,MA,2142.0,2016,621511.0,,10_19,Emile Nuwaysir,"ceo, president",African American,"$3,096,000.00",,,,,,,Emile Nuwaysir,African American
3905,Bonguard Orthopedic,,,,,,,,,,,,,,,,,,,,,,,,,,,,,,,,,,,,,,,,,,,,,,,,,,,,,,,,,,,,,,,,,,,,,,,,,,,,,,,,,,,,,,,,,,,,,,,999 N Main St # 3 Randolph,,MA,2368.0, NA,446199.0,,5,Olarewaju J Oladipo,"ceo, president, cfo, treasurer, board member",African American,"$725,000.00",,,(781) 961-6784,,,,Olarewaju J Oladipo,African American
3915,Borash Veterinary Clinic,,,,,,,,,,,,,,,,,,,,,,,,,,,,,,,,,,,,,,,,,,,,,,,,,,,,,,,,,,,,,,,,,,,,,,,,,,,,,,,,,,,,,,,,,,,,,,,79 Prospect St Peabody,,MA,1960.0,1979,541940.0,,10,Myles Borash,owner,African American,"$1,026,000.00",,,(978) 531-8713,,,,Myles Borash,African American
3980,Boston Clinical Laboratories,,,,,,,,,,,,,,,,,,,,,,,,,,,,,,,,,,,,,,,,,,,,,,,,,,,,,,,,,,,,,,,,,,,,,,,,,,,,,,,,,,,,,,,,,,,,,,,764 Main St # A Waltham,,MA,2451.0,1999,621511.0,,25,Zahra Sheikhinejad,"owner, finance exec",African American,"$7,036,000.00",,,(781) 893-1995,,,,Zahra Sheikhinejad,African American
4026,Boston Legal Partners Corp,,,,,,,,,,,,,,,,,,,,,,,,,,,,,,,,,,,,,,,,,,,,,,,,,,,,,,,,,,,,,,,,,,,,,,,,,,,,,,,,,,,,,,,,,,,,,,,10 Overlook Ridge Dr # 614 Malden,,MA,2148.0,2018,541110.0,,1_4,Darius Brenden,owner,African American,"$728,000.00",,,,,,,Darius Brenden,African American
4073,Boston Raider Youth Football,,,,,,,,,,,,,,,,,,,,,,,,,,,,,,,,,,,,,,,,,,,,,,,,,,,,,,,,,,,,,,,,,,,,,,,,,,,,,,,,,,,,,,,,,,,,,,,42 Julian St Boston,,MA,2125.0,2015,711211.0,,10_19,Donnell Singleton,owner,African American,"$3,476,000.00",,,,,,,Donnell Singleton,African American
4098,Boston Super Transportation,,,,,,,,,,,,,,,,,,,,,,,,,,,,,,,,,,,,,,,,,,,,,,,,,,,,,,,,,,,,,,,,,,,,,,,,,,,,,,,,,,,,,,,,,,,,,,,29 Cummings Park # 440 Woburn,,MA,1801.0, NA,485999.0,,10_19,Wadee Suleiman,"owner, president, treasurer, board member",African American,"$1,196,000.00",,,,,,,Wadee Suleiman,African American
4383,Broadway Gulf,,,,,,,,,,,,,,,,,,,,,,,,,,,,,,,,,,,,,,,,,,,,,,,,,,,,,,,,,,,,,,,,,,,,,,,,,,,,,,,,,,,,,,,,,,,,,,,212 Broadway Somerville,,MA,2145.0, NA,447190.0,,3,Elias Menhan,owner,African American,"$3,327,000.00",,,(617) 628-8314,,,,Elias Menhan,African American
4489,Brukework Corp,,,,,,,,,,,,,,,,,,,,,,,,,,,,,,,,,,,,,,,,,,,,,,,,,,,,,,,,,,,,,,,,,,,,,,,,,,,,,,,,,,,,,,,,,,,,,,,42 Spring St Medford,,MA,2155.0, NA,236115.0,,2,Worku T Bedada,"president, board member",African American,"$889,000.00",,,(617) 281-2176,,,,Worku T Bedada,African American
4500,BTX Instrument,,,,,,,,,,,,,,,,,,,,,,,,,,,,,,,,,,,,,,,,,,,,,,,,,,,,,,,,,,,,,,,,,,,,,,,,,,,,,,,,,,,,,,,,,,,,,,,84 October Hill Rd Holliston,,MA,1746.0,1983,334516.0,,100,Chane Graziano,president,African American,"$30,614,000.00",,,(508) 893-8999,,,,Chane Graziano,African American
5219,Cafe Piazza Dolce,,,,,,,,,,,,,,,,,,,,,,,,,,,,,,,,,,,,,,,,,,,,,,,,,,,,,,,,,,,,,,,,,,,,,,,,,,,,,,,,,,,,,,,,,,,,,,,831 Main St # 101 Winchester,,MA,1890.0,2005,722514.0,,10,Alessandra Sinnisclico,owner,African American,"$560,000.00",,,(781) 838-6092,,,,Alessandra Sinnisclico,African American
5300,Camp Out Inc,,,,,,,,,,,,,,,,,,,,,,,,,,,,,,,,,,,,,,,,,,,,,,,,,,,,,,,,,,,,,,,,,,,,,,,,,,,,,,,,,,,,,,,,,,,,,,,133 Southbridge Rd North Oxford,,MA,1537.0, NA,423120.0,,4,Rufus Germaine,owner,African American,"$4,399,000.00",,,(508) 987-0765,,,,Rufus Germaine,African American
5421,Cardinal Home Health Resources,,,,,,,,,,,,,,,,,,,,,,,,,,,,,,,,,,,,,,,,,,,,,,,,,,,,,,,,,,,,,,,,,,,,,,,,,,,,,,,,,,,,,,,,,,,,,,,390 Main St # 509 Worcester,,MA,1608.0, NA,621610.0,,20-49,Carolyne W Mburu-Gerena,"president, treasurer, board member",African American,"$1,870,000.00",,,,,,,Carolyne W Mburu-Gerena,African American
5433,Care Plus Healthcare Staffing,,,,,,,,,,,,,,,,,,,,,,,,,,,,,,,,,,,,,,,,,,,,,,,,,,,,,,,,,,,,,,,,,,,,,,,,,,,,,,,,,,,,,,,,,,,,,,,8 Zoar St Worcester,,MA,1604.0,2015,541612.0,,5_9,Naomi W Maina,"president, treasurer, board member",African American,"$513,000.00",,,,,,,Naomi W Maina,African American
5469,Carla's Cleaning Svc,,,,,,,,,,,,,,,,,,,,,,,,,,,,,,,,,,,,,,,,,,,,,,,,,,,,,,,,,,,,,,,,,,,,,,,,,,,,,,,,,,,,,,,,,,,,,,,222 W Main St Hyannis,,MA,2601.0, NA,561720.0,,5_9,Carla Assis,owner,African American,"$798,000.00",,,(508) 827-4743,,,,Carla Assis,African American
5654,Cedrone Trucking Co,,,,,,,,,,,,,,,,,,,,,,,,,,,,,,,,,,,,,,,,,,,,,,,,,,,,,,,,,,,,,,,,,,,,,,,,,,,,,,,,,,,,,,,,,,,,,,,231 Rangeway Rd North Billerica,,MA,1862.0, NA,236115.0,,6,Romeo Cedrone,"owner, president, treasurer, board member",African American,"$2,667,000.00",,,(978) 667-4131,,,,Romeo Cedrone,African American
5684,Central Ave Auto Svc,,,,,,,,,,,,,,,,,,,,,,,,,,,,,,,,,,,,,,,,,,,,,,,,,,,,,,,,,,,,,,,,,,,,,,,,,,,,,,,,,,,,,,,,,,,,,,,199 Commander Shea Blvd Quincy,,MA,2171.0, NA,811111.0,,4,Thomas Butts,owner,African American,"$601,000.00",,,(617) 769-9467,,,,Thomas Butts,African American
7556,Cleaning Authority,,,,,,,,,,,,,,,,,,,,,,,,,,,,,,,,,,,,,,,,,,,,,,,,,,,,,,,,,,,,,,,,,,,,,,,,,,,,,,,,,,,,,,,,,,,,,,,1000 Osgood St North Andover,,MA,1845.0, NA,561720.0,,12,Kwame Ofori-Asante,owner,African American,"$1,252,000.00",,,(978) 208-7590,,,,Kwame Ofori-Asante,African American
7593,Coachmen's Lodge,,,,,,,,,,,,,,,,,,,,,,,,,,,,,,,,,,,,,,,,,,,,,,,,,,,,,,,,,,,,,,,,,,,,,,,,,,,,,,,,,,,,,,,,,,,,,,,273 Wrentham Rd Bellingham,,MA,2019.0,1968,722511.0,,19,Andreas Nicolos,owner,African American,"$1,045,000.00",,,(508) 883-9888,,,,Andreas Nicolos,African American
7633,Colette Phillips Communications,3.0,One Mckinley Sq 6th Fl,Boston,MA,2190.0,,541820.0,Public Relations and Marketing,10.0,Colette Phillips,CEO and President,,1300000.0,y,https://www.cpcglobal.com,,Y,Y,,3.0,One Mckinley Sq 6th Fl,Boston,MA,2190.0,,541820.0,Public Relations and Marketing,10.0,Colette Phillips,CEO and President,,1300000.0,,https://www.cpcglobal.com,,,,0.0,,Y,,,,,,,,,,,,,,,,,,,,,,,,,,,,,,,,,,,,,,,,,,,,,,,,,,,,,,,,,,,,,,,,,,,,,,,,,Colette Phillips,Black
7650,College Hill Capital Partners,,,,,,,,,,,,,,,,,,,,,,,,,,,,,,,,,,,,,,,,,,,,,,,,,,,,,,,,,,,,,MA,,,523920.0,Fund Manager,,Lorn C. Davis,Managing Partner,Black,,,http://collegehillcapital.com/about-us/,,,,,,,,,,,,,,,,,,,,,,,,,,,,,,,,,,,,,,,,,Lorn C. Davis,Black
7750,Compassion Immigration Svc Inc,,,,,,,,,,,,,,,,,,,,,,,,,,,,,,,,,,,,,,,,,,,,,,,,,,,,,,,,,,,,,,,,,,,,,,,,,,,,,,,,,,,,,,,,,,,,,,,77 Kennedy Dr Malden,,MA,2148.0,2018,541110.0,,5_9,Gama Belizaire,owner,African American,"$1,213,000.00",,,,,,,Gama Belizaire,African American
7841,Conventures Inc,,,,,,,,,,,,,,,,,,,,,,,,,,,,,,,,,,,,,,,,,,,,,,,,,,,,,,,,,,,,,,,,,,,,,,,,,,,,,,,,,,,,,,,,,,,,,,,88 Black Falcon Ave # 202 Boston,,MA,2210.0,1977,454390.0,,25,Dusty Rhoads,owner,African American,"$2,124,000.00",,,(617) 439-7700,,,,Dusty Rhoads,African American
8074,Craftsmen Machinery Co,,,,,,,,,,,,,,,,,,,,,,,,,,,,,,,,,,,,,,,,,,,,,,,,,,,,,,,,,,,,,,,,,,,,,,,,,,,,,,,,,,,,,,,,,,,,,,,840 Main St # 208 Millis,,MA,2054.0,1920,333244.0,,5,Sherwin Marks,president,African American,"$642,000.00",,,(508) 376-2001,,,,Sherwin Marks,African American
8120,Cross Life Care LLC,,,,,,,,,,,,,,,,,,,,,,,,,,,,,,,,,,,,,,,,,,,,,,,,,,,,,,,,,,,,,,,,,,,,,,,,,,,,,,,,,,,,,,,,,,,,,,,584 Cambridge St Worcester,,MA,1610.0, NA,621610.0,,20-49,Oluyomi A Oyekunle,"president, manager",African American,"$1,870,000.00",,,(774) 530-6565,,,,Oluyomi A Oyekunle,African American
8134,Crown Home Healthcare & Psych,,,,,,,,,,,,,,,,,,,,,,,,,,,,,,,,,,,,,,,,,,,,,,,,,,,,,,,,,,,,,,,,,,,,,,,,,,,,,,,,,,,,,,,,,,,,,,,320 Central St # A2 Saugus,,MA,1906.0, NA,621610.0,,10_19,Eghe Osawe,"ceo, president, cfo, treasurer, board member",African American,"$976,000.00",,,(781) 233-2377,,,,Eghe Osawe,African American
8597,Divine Home Health Partners,,,,,,,,,,,,,,,,,,,,,,,,,,,,,,,,,,,,,,,,,,,,,,,,,,,,,,,,,,,,,,,,,,,,,,,,,,,,,,,,,,,,,,,,,,,,,,,1049 Lakeview Ave # 7 Dracut,,MA,1826.0, NA,621610.0,,10_19,Charles Nyarko,"owner, president, board member",African American,"$880,000.00",,,,,,,Charles Nyarko,African American
8870,"Done Right Building Services, Inc.",1.0,4 Copley Place,Boston,MA,2116.0,,236220.0,Building Services,130.0,Anthony Samuels,President,,5400000.0,y,https://www.drbfacilityservices.com,,Y,Y,,1.0,4 Copley Place,Boston,MA,2116.0,,236220.0,Building Services,130.0,Anthony Samuels,President,,5400000.0,,https://www.drbfacilityservices.com,,,,0.0,,Y,,,,,,,,,,,,,,,,,,,,,,,,,,,,,,,,,,,,,"4 Copley Place, Suite 125 Boston, Massachusetts 2116 United States",,,,,,Certified Contractors,,,,Black,,,,(617) 236-0155,,,,,,,,,,,,,,,,,,,,,,Anthony Samuels,Black
8889,Dou Klean Cleaning & Concierge,,,,,,,,,,,,,,,,,,,,,,,,,,,,,,,,,,,,,,,,,,,,,,,,,,,,,,,,,,,,,,,,,,,,,,,,,,,,,,,,,,,,,,,,,,,,,,,130 Winter St # E Hyannis,,MA,2601.0,2017,561720.0,,5_9,Mamadou Diop,"ceo, president, vice president, treasurer, board member",African American,"$798,000.00",,,,,,,Mamadou Diop,African American
9203,Environmental Systems Engrng,,,,,,,,,,,,,,,,,,,,,,,,,,,,,,,,,,,,,,,,,,,,,,,,,,,,,,,,,,,,,,,,,,,,,,,,,,,,,,,,,,,,,,,,,,,,,,,354b Turnpike St # 4 Canton,,MA,2021.0, NA,541330.0,,1_4,Abdul Barrie,president,African American,"$590,000.00",,,(617) 275-9949,,,,Abdul Barrie,African American
9252,Essential Business Prod Inc,,,,,,,,,,,,,,,,,,,,,,,,,,,,,,,,,,,,,,,,,,,,,,,,,,,,,,,,,,,,,,,,,,,,,,,,,,,,,,,,,,,,,,,,,,,,,,,4 Green River Valley Rd Great Barrington,,MA,1230.0, NA,453210.0,,50-99,Garfield Reed,"president, marketing",African American,"$12,771,000.00",,,(413) 528-8813,,,,Garfield Reed,African American
9253,Essential Properties Mgmt Inc,,,,,,,,,,,,,,,,,,,,,,,,,,,,,,,,,,,,,,,,,,,,,,,,,,,,,,,,,,,,,,,,,,,,,,,,,,,,,,,,,,,,,,,,,,,,,,,4 Liberty Ln North Reading,,MA,1864.0,2016,531210.0,,1_4,Dante Mitrano,"president, treasurer, board member",African American,"$544,000.00",,,,,,,Dante Mitrano,African American
9271,Ethio Travel & Immigration Svc,,,,,,,,,,,,,,,,,,,,,,,,,,,,,,,,,,,,,,,,,,,,,,,,,,,,,,,,,,,,,,,,,,,,,,,,,,,,,,,,,,,,,,,,,,,,,,,541 Massachusetts Ave Cambridge,,MA,2139.0,2017,541110.0,,5_9,Yekoye Kassaye,owner,African American,"$1,213,000.00",,,(857) 615-3947,,,,Yekoye Kassaye,African American
9276,Etinde Painting,,,,,,,,,,,,,,,,,,,,,,,,,,,,,,,,,,,,,,,,,,,,,,,,,,,,,,,,,,,,,,,,,,,,,,,,,,,,,,,,,,,,,,,,,,,,,,,730 West St Amherst,,MA,1002.0,2007,238320.0,,20,Dieudonne Etinde,owner,African American,"$2,359,000.00",,,(413) 253-5111,,,,Dieudonne Etinde,African American
9325,Exaltaer Capital,,,,,,,,,,,,,,,,,,,,,,,,,,,,,,,,,,,,,,,,,,,,,,,,,,,,,,,,,,,,,MA,,,523920.0,Fund Manager,10.0,Omar L Simmons,Managing Partner,Black,90000000.0,,https://exaltarecapital.com,,,,,,,,,,,,,,,,,,,,,,,,,,,,,,,,,,,,,,,,,Omar L Simmons,Black
9335,Excelitas Technologies,,,,,,,,,,,,,,,,,,,,,,,,,,,,,,,,,,,,,,,,,,,,,,,,,,,,,,,,,,,,,,,,,,,,,,,,,,,,,,,,,,,,,,,,,,,,,,,35 Congress St # 2021 Salem,,MA,1970.0,1967,334419.0,,100-249,Fazila Manan,executive vp,African American,"$17,077,000.00",,,(510) 979-6500,,,,Fazila Manan,African American
9338,Excite Magazine Inc,,,,,,,,,,,,,,,,,,,,,,,,,,,,,,,,,,,,,,,,,,,,,,,,,,,,,,,,,,,,,,,,,,,,,,,,,,,,,,,,,,,,,,,,,,,,,,,550 Adams St Quincy,,MA,2169.0, NA,511120.0,,5_9,Stephen E Igbinovia,"president, board member",African American,"$868,000.00",,,(617) 229-6268,,,,Stephen E Igbinovia,African American
9365,Express Supplies & Contracts,,,,,,,,,,,,,,,,,,,,,,,,,,,,,,,,,,,,,,,,,,,,,,,,,,,,,,,,,,,,,,,,,,,,,,,,,,,,,,,,,,,,,,,,,,,,,,,216c South St # A Jamaica Plain,,MA,2130.0,1984,492110.0,,4,Jide Ogungbadero,ceo,African American,"$703,000.00",,,(617) 388-2026,,,,Jide Ogungbadero,African American
9452,F A P Home Improvement Inc,,,,,,,,,,,,,,,,,,,,,,,,,,,,,,,,,,,,,,,,,,,,,,,,,,,,,,,,,,,,,,,,,,,,,,,,,,,,,,,,,,,,,,,,,,,,,,,324 Village St # 2 Medway,,MA,2053.0, NA,236118.0,,1_4,Filipe Peroba,"president, treasurer, board member",African American,"$1,283,000.00",,,,,,,Filipe Peroba,African American
9473,Facilities Maintenance Spclsts,,,,,,,,,,,,,,,,,,,,,,,,,,,,,,,,,,,,,,,,,,,,,,,,,,,,,,,,,,,,,,,,,,,,,,,,,,,,,,,,,,,,,,,,,,,,,,,79 Martin St Cambridge,,MA,2138.0,2016,236220.0,,5_9,Lincoln Hampton,"president, vice president, treasurer, board member",African American,"$3,556,000.00",,,,,,,Lincoln Hampton,African American
9480,Factory Tire & Rim Inc,,,,,,,,,,,,,,,,,,,,,,,,,,,,,,,,,,,,,,,,,,,,,,,,,,,,,,,,,,,,,,,,,,,,,,,,,,,,,,,,,,,,,,,,,,,,,,,1296 Montgomery St Chicopee,,MA,1013.0,2016,441320.0,,1_4,Shakeel Haris,"president, treasurer, board member",African American,"$510,000.00",,,,,,,Shakeel Haris,African American
9498,Fairhaven Lumber Co,,,,,,,,,,,,,,,,,,,,,,,,,,,,,,,,,,,,,,,,,,,,,,,,,,,,,,,,,,,,,,,,,,,,,,,,,,,,,,,,,,,,,,,,,,,,,,,120 Alden Rd Fairhaven,,MA,2719.0,1951,321920.0,,21,James Kalife,"owner, president",African American,"$2,209,000.00",,,(508) 993-2611,,,,James Kalife,African American
9531,Falmouth Harbor Sailing School,,,,,,,,,,,,,,,,,,,,,,,,,,,,,,,,,,,,,,,,,,,,,,,,,,,,,,,,,,,,,,,,,,,,,,,,,,,,,,,,,,,,,,,,,,,,,,,290 Clinton Ave Falmouth,,MA,2540.0, NA,611620.0,,18,Remy Stressenger,president,African American,"$1,497,000.00",,,(508) 548-7614,,,,Remy Stressenger,African American
9677,Faulkner Medical Labs Inc,,,,,,,,,,,,,,,,,,,,,,,,,,,,,,,,,,,,,,,,,,,,,,,,,,,,,,,,,,,,,,,,,,,,,,,,,,,,,,,,,,,,,,,,,,,,,,,410 Ferry St Malden,,MA,2148.0, NA,621511.0,,15,Demetrius Timmons,"owner, president",African American,"$4,222,000.00",,,(781) 322-8502,,,,Demetrius Timmons,African American
10068,Fitzgerald & Co LLC,,,,,,,,,,,,,,,,,,,,,,,,,,,,,,,,,,,,,,,,,,,,,,,,,,,,,,,,,,,,,,,,,,,,,,,,,,,,,,,,,,,,,,,,,,,,,,,18 Tremont St # 210 Boston,,MA,2108.0,1997,541110.0,,7,Desmond Fitzgerald,owner,African American,"$2,422,000.00",,,(617) 523-6320,,,,Desmond Fitzgerald,African American
10189,Flagship Cleaning Svc Inc,,,,,,,,,,,,,,,,,,,,,,,,,,,,,,,,,,,,,,,,,,,,,,,,,,,,,,,,,,,,,,,,,,,,,,,,,,,,,,,,,,,,,,,,,,,,,,,376 Massachusetts Ave Arlington,,MA,2474.0, NA,238990.0,,11,Belinda Boit,owner,African American,"$1,200,000.00",,,(781) 646-4900,,,,Belinda Boit,African American
10305,Four Star Svc Inc,,,,,,,,,,,,,,,,,,,,,,,,,,,,,,,,,,,,,,,,,,,,,,,,,,,,,,,,,,,,,,,,,,,,,,,,,,,,,,,,,,,,,,,,,,,,,,,134 Newbury St # 5 Peabody,,MA,1960.0, NA,541990.0,,9,Charmaine Srechette,owner,African American,"$1,166,000.00",,,(978) 535-3790,,,,Charmaine Srechette,African American
10314,Foxx Fence Home Improvement,,,,,,,,,,,,,,,,,,,,,,,,,,,,,,,,,,,,,,,,,,,,,,,,,,,,,,,,,,,,,,,,,,,,,,,,,,,,,,,,,,,,,,,,,,,,,,,94 Gardners Neck Rd Swansea,,MA,2777.0, NA,238990.0,,1_4,Alphonse Silvia,"president, treasurer, board member",African American,"$591,000.00",,,(508) 336-1411,,,,Alphonse Silvia,African American
10472,G M B Investments Inc,,,,,,,,,,,,,,,,,,,,,,,,,,,,,,,,,,,,,,,,,,,,,,,,,,,,,,,,,,,,,,,,,,,,,,,,,,,,,,,,,,,,,,,,,,,,,,,99 Chandler St Worcester,,MA,1609.0,2016,523910.0,,1_4,Charles M Maina,owner,African American,"$1,837,000.00",,,,,,,Charles M Maina,African American
10609,Garland Don Inc Jantr Supplies,,,,,,,,,,,,,,,,,,,,,,,,,,,,,,,,,,,,,,,,,,,,,,,,,,,,,,,,,,,,,,,,,,,,,,,,,,,,,,,,,,,,,,,,,,,,,,,250 Howard St Framingham,,MA,1702.0,1945,453998.0,,5,Rodrick Mc Lean,president,African American,"$751,000.00",,,(508) 875-7537,,,,Rodrick Mc Lean,African American
10615,Gasco,,,,,,,,,,,,,,,,,,,,,,,,,,,,,,,,,,,,,,,,,,,,,,,,,,,,,,,,,,,,,,,,,,,,,,,,,,,,,,,,,,,,,,,,,,,,,,,44 Milford St Upton,,MA,1568.0, NA,447190.0,,2,Georgis Fisseha,owner,African American,"$1,975,000.00",,,(508) 529-7727,,,,Georgis Fisseha,African American
10643,General Air Conditioning & Htg,,,,,,,,,,,,,,,,,,,,,,,,,,,,,,,,,,,,,,,,,,,,,,,,,,,,,,,,,,,,,,,,,,,,,,,,,,,,,,,,,,,,,,,,,,,,,,,7 Gaston St Dorchester,,MA,2121.0, NA,238220.0,,7,Leroy Alexander,"president, treasurer, board member",African American,"$1,501,000.00",,,(617) 427-7370,,,,Leroy Alexander,African American
10645,General Business Co,,,,,,,,,,,,,,,,,,,,,,,,,,,,,,,,,,,,,,,,,,,,,,,,,,,,,,,,,,,,,,,,,,,,,,,,,,,,,,,,,,,,,,,,,,,,,,,765 Morton St Mattapan,,MA,2126.0, NA,561510.0,,4,Germaine David,owner,African American,"$1,075,000.00",,,(617) 298-8936,,,,Germaine David,African American
10663,Gentex Optics Inc,,,,,,,,,,,,,,,,,,,,,,,,,,,,,,,,,,,,,,,,,,,,,,,,,,,,,,,,,,,,,,,,,,,,,,,,,,,,,,,,,,,,,,,,,,,,,,,183 W Main St Dudley,,MA,1571.0,1989,339115.0,,450,Fabrice Giraudat,president,African American,"$165,946,000.00",,,(508) 943-3860,,,,Fabrice Giraudat,African American
10703,Giant Construction,,,,,,,,,,,,,,,,,,,,,,,,,,,,,,,,,,,,,,,,,,,,,,,,,,,,,,,,,,,,,,,,,,,,,,,,,,,,,,,,,,,,,,,,,,,,,,,159 Howard Ave Dorchester,,MA,2125.0,2016,236115.0,,5_9,Alphonse Beasley,owner,African American,"$2,986,000.00",,,,,,,Alphonse Beasley,African American
10718,Giovanni's Pizza,,,,,,,,,,,,,,,,,,,,,,,,,,,,,,,,,,,,,,,,,,,,,,,,,,,,,,,,,,,,,,,,,,,,,,,,,,,,,,,,,,,,,,,,,,,,,,,1885 Memorial Dr Chicopee,,MA,1020.0,1956,722511.0,,16,Turgut Aydin,owner,African American,"$697,000.00",,,(413) 536-1057,,,,Turgut Aydin,African American
10787,Go Transportation Inc,,,,,,,,,,,,,,,,,,,,,,,,,,,,,,,,,,,,,,,,,,,,,,,,,,,,,,,,,,,,,,,,,,,,,,,,,,,,,,,,,,,,,,,,,,,,,,,325 Plantation St Worcester,,MA,1604.0,2018,488210.0,,10_19,Sammy K Addo Jr,owner,African American,"$1,362,000.00",,,,,,,Sammy K Addo Jr,African American
10802,Gold Star Home Care Svc LLC,,,,,,,,,,,,,,,,,,,,,,,,,,,,,,,,,,,,,,,,,,,,,,,,,,,,,,,,,,,,,,,,,,,,,,,,,,,,,,,,,,,,,,,,,,,,,,,40 Crescent St # Ll1 Waltham,,MA,2453.0, NA,621610.0,,10_19,Richard Mayanja,ceo,African American,"$880,000.00",,,(703) 586-0154,,,,Richard Mayanja,African American
10958,Great Plain Avenue Gasoline,,,,,,,,,,,,,,,,,,,,,,,,,,,,,,,,,,,,,,,,,,,,,,,,,,,,,,,,,,,,,,,,,,,,,,,,,,,,,,,,,,,,,,,,,,,,,,,1111 Great Plain Ave Needham,,MA,2492.0, NA,447190.0,,4,Jabar Sassine,owner,African American,"$3,824,000.00",,,(781) 444-2117,,,,Jabar Sassine,African American
10996,Greater North Transportation,,,,,,,,,,,,,,,,,,,,,,,,,,,,,,,,,,,,,,,,,,,,,,,,,,,,,,,,,,,,,,,,,,,,,,,,,,,,,,,,,,,,,,,,,,,,,,,107 Westford St Dunstable,,MA,1827.0, NA,488210.0,,5_9,Timothy M Kungu,ceo,African American,"$732,000.00",,,(978) 376-9989,,,,Timothy M Kungu,African American
10999,Grecian Look,,,,,,,,,,,,,,,,,,,,,,,,,,,,,,,,,,,,,,,,,,,,,,,,,,,,,,,,,,,,,,,,,,,,,,,,,,,,,,,,,,,,,,,,,,,,,,,PO Box 541 Wilbraham,,MA,1095.0, NA,454110.0,,1_4,Greg Laware,owner,African American,"$1,536,000.00",,,(413) 626-9446,,,,Greg Laware,African American
11161,Hackwell-Boone Insurance,,,,,,,,,,,,,,,,,,,,,,,,,,,,,,,,,,,,,,,,,,,,,,,,,,,,,,,,,,,,,,,,,,,,,,,,,,,,,,,,,,,,,,,,,,,,,,,19 Belmont St # 4 South Easton,,MA,2375.0, NA,524210.0,,4,Myles Boone,owner,African American,"$578,000.00",,,(508) 238-0181,,,,Myles Boone,African American
11329,Harvard Street Neighborhood,,,,,,,,,,,,,,,,,,,,,,,,,,,,,,,,,,,,,,,,,,,,,,,,,,,,,,,,,,,,,,,,,,,,,,,,,,,,,,,,,,,,,,,,,,,,,,,632 Blue Hill Ave Dorchester,,MA,2121.0,1972,621493.0,,4,Jonas Ike Okoye,president,African American,"$1,246,000.00",,,(617) 825-3400,,,,Jonas Ike Okoye,African American
11450,Health Care Publishing,,,,,,,,,,,,,,,,,,,,,,,,,,,,,,,,,,,,,,,,,,,,,,,,,,,,,,,,,,,,,,,,,,,,,,,,,,,,,,,,,,,,,,,,,,,,,,,25 Washington Ave # 4 Natick,,MA,1760.0, NA,423450.0,,4,Terrence Boyle,owner,African American,"$5,018,000.00",,,(508) 655-4489,,,,Terrence Boyle,African American
11487,Heliotronics Inc,,,,,,,,,,,,,,,,,,,,,,,,,,,,,,,,,,,,,,,,,,,,,,,,,,,,,,,,,,,,,,,,,,,,,,,,,,,,,,,,,,,,,,,,,,,,,,,1083 Main St Hingham,,MA,2043.0, NA,531110.0,,1_4,Clayton Handleman,president,African American,"$593,000.00",,,(781) 749-9593,,,,Clayton Handleman,African American
11489,Help Services Network Inc,,,,,,,,,,,,,,,,,,,,,,,,,,,,,,,,,,,,,,,,,,,,,,,,,,,,,,,,,,,,,,,,,,,,,,,,,,,,,,,,,,,,,,,,,,,,,,,895 Blue Hill Ave Dorchester,,MA,2124.0, NA,621610.0,,30,Eartha Harrington,"president, treasurer",African American,"$2,153,000.00",,,(617) 825-2673,,,,Eartha Harrington,African American
11493,Helping Hands Hm Healthcare,,,,,,,,,,,,,,,,,,,,,,,,,,,,,,,,,,,,,,,,,,,,,,,,,,,,,,,,,,,,,,,,,,,,,,,,,,,,,,,,,,,,,,,,,,,,,,,5 Cabinplace St #2l Studount Randolph,,MA,2368.0, NA,621999.0,,10,Blessing Chukwu,owner,African American,"$1,475,000.00",,,(781) 885-0812,,,,Blessing Chukwu,African American
11520,Heritage Lawns,,,,,,,,,,,,,,,,,,,,,,,,,,,,,,,,,,,,,,,,,,,,,,,,,,,,,,,,,,,,,,,,,,,,,,,,,,,,,,,,,,,,,,,,,,,,,,,9 Sam West Rd Southwick,,MA,1077.0, NA,561730.0,,5_9,Terrence Daley,"president, manager",African American,"$681,000.00",,,(413) 569-1793,,,,Terrence Daley,African American
11615,Holden Inn,,,,,,,,,,,,,,,,,,,,,,,,,,,,,,,,,,,,,,,,,,,,,,,,,,,,,,,,,,,,,,,,,,,,,,,,,,,,,,,,,,,,,,,,,,,,,,,140 Commercial St Wellfleet,,MA,2667.0, NA,721110.0,,5_9,Letitia Fricker,owner,African American,"$553,000.00",,,(508) 349-3450,,,,Letitia Fricker,African American
11680,Home Care Lifewatch,,,,,,,,,,,,,,,,,,,,,,,,,,,,,,,,,,,,,,,,,,,,,,,,,,,,,,,,,,,,,,,,,,,,,,,,,,,,,,,,,,,,,,,,,,,,,,,1210 Hyde Park Ave Hyde Park,,MA,2136.0, NA,621610.0,,10_19,Raphael C Okoye,"owner, president, treasurer, board member",African American,"$718,000.00",,,(617) 272-3761,,,,Raphael C Okoye,African American
11863,Hot Courses,,,,,,,,,,,,,,,,,,,,,,,,,,,,,,,,,,,,,,,,,,,,,,,,,,,,,,,,,,,,,,,,,,,,,,,,,,,,,,,,,,,,,,,,,,,,,,,240 Commercial St # 4a Boston,,MA,2109.0,1996,611710.0,,10,Warwick Freeland,"president, board member",African American,"$2,674,000.00",,,(857) 250-4401,,,,Warwick Freeland,African American
11876,House Of Roshan,,,,,,,,,,,,,,,,,,,,,,,,,,,,,,,,,,,,,,,,,,,,,,,,,,,,,,,,,,,,,,,,,,,,,,,,,,,,,,,,,,,,,,,,,,,,,,,15 Cypress St # 201 Newton Center,,MA,2459.0, NA,448190.0,,4,Roshan Kay,owner,African American,"$584,000.00",,,(617) 431-4399,,,,Roshan Kay,African American
11949,Icarus Construction Svc,,,,,,,,,,,,,,,,,,,,,,,,,,,,,,,,,,,,,,,,,,,,,,,,,,,,,,,,,,,,,,,,,,,,,,,,,,,,,,,,,,,,,,,,,,,,,,,340 Main St # 840 Worcester,,MA,1608.0, NA,236115.0,,3,Lionell Thompson,president,African American,"$1,140,000.00",,,(508) 755-7462,,,,Lionell Thompson,African American
12013,Impulse Art Gallery,,,,,,,,,,,,,,,,,,,,,,,,,,,,,,,,,,,,,,,,,,,,,,,,,,,,,,,,,,,,,,,,,,,,,,,,,,,,,,,,,,,,,,,,,,,,,,,188 Commercial St Provincetown,,MA,2657.0, NA,453920.0,,4,Cami Calkins,president,African American,"$735,000.00",,,(508) 487-1154,,,,Cami Calkins,African American
12016,In New England Pain Care,,,,,,,,,,,,,,,,,,,,,,,,,,,,,,,,,,,,,,,,,,,,,,,,,,,,,,,,,,,,,,,,,,,,,,,,,,,,,,,,,,,,,,,,,,,,,,,10 Centennial Dr # 108 Peabody,,MA,1960.0, NA,624190.0,,50,Julien Baisman,"president, sales exec, finance exec",African American,"$3,342,000.00",,,(978) 826-7234,,,,Julien Baisman,African American
12049,Infusion Plus LLC,,,,,,,,,,,,,,,,,,,,,,,,,,,,,,,,,,,,,,,,,,,,,,,,,,,,,,,,,,,,,,,,,,,,,,,,,,,,,,,,,,,,,,,,,,,,,,,721 Main St Waltham,,MA,2451.0, NA,623110.0,,100-249,Yolanda Lewis,ceo,African American,"$7,984,000.00",,,(781) 788-6667,,,,Yolanda Lewis,African American
12130,Invisibles,,,,,,,,,,,,,,,,,,,,,,,,,,,,,,,,,,,,,,,,,,,,,,,,,,,,,,,,,,,,,,,,,,,,,,,,,,,,,,,,,,,,,,,,,,,,,,,175 Richdale Ave # 220 Cambridge,,MA,2140.0,2017,512110.0,,5,Philibert Kongtcheu,"owner, manager",African American,"$2,241,000.00",,,(347) 809-3344,,,,Philibert Kongtcheu,African American
12300,J R Higgins Assoc LLC,,,,,,,,,,,,,,,,,,,,,,,,,,,,,,,,,,,,,,,,,,,,,,,,,,,,,,,,,,,,,,,,,,,,,,,,,,,,,,,,,,,,,,,,,,,,,,,898 Main St # H Acton,,MA,1720.0, NA,332710.0,,25,Bertrand Blazy,owner,African American,"$3,388,000.00",,,(978) 266-1200,,,,Bertrand Blazy,African American
12379,Janet A Butts DDS PC,,,,,,,,,,,,,,,,,,,,,,,,,,,,,,,,,,,,,,,,,,,,,,,,,,,,,,,,,,,,,,,,,,,,,,,,,,,,,,,,,,,,,,,,,,,,,,,32 Sea Robin Rd Osterville,,MA,2655.0,2016,621210.0,,5_9,Janet Butts,"president, treasurer, board member",African American,"$708,000.00",,,,,,,Janet Butts,African American
12388,Jarvis Surgical Inc,,,,,,,,,,,,,,,,,,,,,,,,,,,,,,,,,,,,,,,,,,,,,,,,,,,,,,,,,,,,,,,,,,,,,,,,,,,,,,,,,,,,,,,,,,,,,,,53 Airport Rd Westfield,,MA,1085.0, NA,339112.0,,42,Clayton Jarvis,"president, manager",African American,"$9,143,000.00",,,(413) 562-6659,,,,Clayton Jarvis,African American
12391,Jay Odunukwe Esquire,,,,,,,,,,,,,,,,,,,,,,,,,,,,,,,,,,,,,,,,,,,,,,,,,,,,,,,,,,,,,,,,,,,,,,,,,,,,,,,,,,,,,,,,,,,,,,,170 Milk St # 4 Boston,,MA,2109.0, NA,541110.0,,1_4,Jay Odunukwe,owner,African American,"$1,384,000.00",,,(617) 367-4500,,,,Jay Odunukwe,African American
12684,Jumbo Bagel Cafe Corp,,,,,,,,,,,,,,,,,,,,,,,,,,,,,,,,,,,,,,,,,,,,,,,,,,,,,,,,,,,,,,,,,,,,,,,,,,,,,,,,,,,,,,,,,,,,,,,275 Washington St Boston,,MA,2108.0,2015,722511.0,,5_9,Rashad Azim,"president, board member",African American,"$598,000.00",,,,,,,Rashad Azim,African American
12729,Kaba Fusion,,,,,,,,,,,,,,,,,,,,,,,,,,,,,,,,,,,,,,,,,,,,,,,,,,,,,,,,,,,,,,,,,,,,,,,,,,,,,,,,,,,,,,,,,,,,,,,159 Memorial Dr Shrewsbury,,MA,1545.0, NA,446110.0,,5,Maheen Junaid,vice president,African American,"$1,569,000.00",,,(508) 845-2168,,,,Maheen Junaid,African American
12758,Kdk Transportation Inc,,,,,,,,,,,,,,,,,,,,,,,,,,,,,,,,,,,,,,,,,,,,,,,,,,,,,,,,,,,,,,,,,,,,,,,,,,,,,,,,,,,,,,,,,,,,,,,220 Tiffany St Attleboro,,MA,2703.0,2016,485999.0,,5_9,O'Neil Brown,"president, treasurer, board member",African American,"$1,258,000.00",,,(508) 369-7779,,,,O'Neil Brown,African American
12812,Kenya's Alterations Inc,,,,,,,,,,,,,,,,,,,,,,,,,,,,,,,,,,,,,,,,,,,,,,,,,,,,,,,,,,,,,,,,,,,,,,,,,,,,,,,,,,,,,,,,,,,,,,,668 Main St # B Hyannis,,MA,2601.0, NA,236118.0,,1_4,Kenya Mac Hado,owner,African American,"$733,000.00",,,,,,,Kenya Mac Hado,African American
12817,Ketonen Clark Farm & Feeds,,,,,,,,,,,,,,,,,,,,,,,,,,,,,,,,,,,,,,,,,,,,,,,,,,,,,,,,,,,,,,,,,,,,,,,,,,,,,,,,,,,,,,,,,,,,,,,199 Glenwood Rd Rutland,,MA,1543.0, NA,424510.0,,2,Leroy Clark,owner,African American,"$7,735,000.00",,,(508) 886-2952,,,,Leroy Clark,African American
13008,KICVentures(Holding),,,,,,,,,,,,,,,,,,,,,,,,,,,,,,,,,,,,,,,,,,,,,,523920.0,Healthcare,15.0,Kingsley R. Chin,CEO,Black,,,,,,,,,,,,,,,,,,,,,,,,,,,,,,,,,,,,,,,,,,,,,,,,,,,,,,,,,,,,,,Kingsley R. Chin,Black
13027,King Frame,,,,,,,,,,,,,,,,,,,,,,,,,,,,,,,,,,,,,,,,,,,,,,,,,,,,,,,,,,,,,,,,,,,,,,,,,,,,,,,,,,,,,,,,,,,,,,,4 Bromfield St Boston,,MA,2108.0, NA,453998.0,,1_4,Tyreese Goljamami,owner,African American,"$568,000.00",,,(617) 482-2082,,,,Tyreese Goljamami,African American
13032,Kinsale Construction,,,,,,,,,,,,,,,,,,,,,,,,,,,,,,,,,,,,,,,,,,,,,,,,,,,,,,,,,,,,,,,,,,,,,,,,,,,,,,,,,,,,,,,,,,,,,,,358 Geneva Ave Dorchester,,MA,2122.0,2016,236115.0,,5_9,Trevon Campbell,owner,African American,"$2,986,000.00",,,,,,,Trevon Campbell,African American
13090,Kukuye General Facilities Svc,,,,,,,,,,,,,,,,,,,,,,,,,,,,,,,,,,,,,,,,,,,,,,,,,,,,,,,,,,,,,,,,,,,,,,,,,,,,,,,,,,,,,,,,,,,,,,,222 Stuart St Boston,,MA,2116.0,2016,236220.0,,5_9,Gebisso Tilahun,owner,African American,"$4,180,000.00",,,,,,,Gebisso Tilahun,African American
13129,L M General Construction Inc,,,,,,,,,,,,,,,,,,,,,,,,,,,,,,,,,,,,,,,,,,,,,,,,,,,,,,,,,,,,,,,,,,,,,,,,,,,,,,,,,,,,,,,,,,,,,,,47 Congress St # 2 Milford,,MA,1757.0, NA,236115.0,,1_4,Luis M Chuma,"owner, president, vice president, treasurer, board member",African American,"$760,000.00",,,,,,,Luis M Chuma,African American
13243,Lamoureux Ford,,,,,,,,,,,,,,,,,,,,,,,,,,,,,,,,,,,,,,,,,,,,,,,,,,,,,,,,,,,,,,,,,,,,,,,,,,,,,,,,,,,,,,,,,,,,,,,366 E Main St East Brookfield,,MA,1515.0,1977,441110.0,,58,Lionel Lamoureux,owner,African American,"$31,030,000.00",,,(508) 885-1000,,,,Lionel Lamoureux,African American
13343,Leader Bank,,,,,,,,,,,,,,,,,,,,,,,,,,,,,,,,,,,,,,,,,,,,,,,,,,,,,,,,,,,,,,,,,,,,,,,,,,,,,,,,,,,,,,,,,,,,,,,50 Mall Rd # 110 Burlington,,MA,1803.0, NA,522292.0,,12,Jay Tuli,senior vp,African American,"$5,956,000.00",,,(781) 272-2343,,,,Jay Tuli,African American
13389,Lenzy Dermatology PC,,,,,,,,,,,,,,,,,,,,,,,,,,,,,,,,,,,,,,,,,,,,,,,,,,,,,,,,,,,,,,,,,,,,,,,,,,,,,,,,,,,,,,,,,,,,,,,1176 Memorial Dr Chicopee,,MA,1020.0, NA,621111.0,,5_9,Yolanda Lenzy,owner,African American,"$1,185,000.00",,,(413) 331-4489,,,,Yolanda Lenzy,African American
13416,Leveled Shoetique,,,,,,,,,,,,,,,,,,,,,,,,,,,,,,,,,,,,,,,,,,,,,,,,,,,,,,,,,,,,,,,,,,,,,,,,,,,,,,,,,,,,,,,,,,,,,,,139 Glenwood Ave Hyde Park,,MA,2136.0,2016,448210.0,,5_9,Lakeya Rochelle,owner,African American,"$1,066,000.00",,,,,,,Lakeya Rochelle,African American
13626,Lifeline Inc,,,,,,,,,,,,,,,,,,,,,,,,,,,,,,,,,,,,,,,,,,,,,,,,,,,,,,,,,,,,,,,,,,,,,,,,,,,,,,,,,,,,,,,,,,,,,,,70 Warren Ave Boston,,MA,2116.0, NA,621610.0,,20,Julius Y Bakari,president,African American,"$1,435,000.00",,,(617) 516-8428,,,,Julius Y Bakari,African American
13672,Liquor Zone,,,,,,,,,,,,,,,,,,,,,,,,,,,,,,,,,,,,,,,,,,,,,,,,,,,,,,,,,,,,,,,,,,,,,,,,,,,,,,,,,,,,,,,,,,,,,,,163 Washington St Somerville,,MA,2143.0, NA,445310.0,,3,Sunny Sani,owner,African American,"$840,000.00",,,(617) 718-0754,,,,Sunny Sani,African American
13739,London Harness Of Wellesley,,,,,,,,,,,,,,,,,,,,,,,,,,,,,,,,,,,,,,,,,,,,,,,,,,,,,,,,,,,,,,,,,,,,,,,,,,,,,,,,,,,,,,,,,,,,,,,45 Central St Wellesley,,MA,2482.0,1776,448320.0,,10,Damien Wendrow,owner,African American,"$3,578,000.00",,,(781) 237-5950,,,,Damien Wendrow,African American
13768,Lord Jeff's Beef Place,,,,,,,,,,,,,,,,,,,,,,,,,,,,,,,,,,,,,,,,,,,,,,,,,,,,,,,,,,,,,,,,,,,,,,,,,,,,,,,,,,,,,,,,,,,,,,,129 Newmarket Sq Boston,,MA,2118.0, NA,445110.0,,3,Solomon Subarro,president,African American,"$576,000.00",,,(617) 445-7000,,,,Solomon Subarro,African American
13773,Loring Wolcott & Coolidge,,,,,,,,,,,,,,,,,,,,,,,,,,,,,,,,,,,,,,,,,,,,,,,,,,,,,,,,,,,,,,,,,,,,,,,,,,,,,,,,,,,,,,,,,,,,,,,230 Congress St # 12 Boston,,MA,2110.0, NA,523930.0,,95,David Boit,"president, finance",African American,"$36,502,000.00",,,(617) 523-6531,,,,David Boit,African American
13778,Lotus Travel Svc,,,,,,,,,,,,,,,,,,,,,,,,,,,,,,,,,,,,,,,,,,,,,,,,,,,,,,,,,,,,,,,,,,,,,,,,,,,,,,,,,,,,,,,,,,,,,,,95 Washington St Canton,,MA,2021.0, NA,561510.0,,1_4,Chitra Reddy,"owner, president, treasurer",African American,"$667,000.00",,,(781) 821-2070,,,,Chitra Reddy,African American
13850,Lucine's Auto Sales & Leasing,,,,,,,,,,,,,,,,,,,,,,,,,,,,,,,,,,,,,,,,,,,,,,,,,,,,,,,,,,,,,,,,,,,,,,,,,,,,,,,,,,,,,,,,,,,,,,,150 Milton St Dedham,,MA,2026.0,2006,441120.0,,1_4,Armen Galaian,"president, board member",African American,"$2,513,000.00",,,(781) 381-3500,,,,Armen Galaian,African American
14074,Magnolia Medical Billing Inc,,,,,,,,,,,,,,,,,,,,,,,,,,,,,,,,,,,,,,,,,,,,,,,,,,,,,,,,,,,,,,,,,,,,,,,,,,,,,,,,,,,,,,,,,,,,,,,1245 Hancock St Quincy,,MA,2169.0, NA,541219.0,,10_19,Kevser Baltimore,"president, treasurer, board member",African American,"$1,426,000.00",,,(617) 481-2895,,,,Kevser Baltimore,African American
14262,Marshall Paper Tube Co,,,,,,,,,,,,,,,,,,,,,,,,,,,,,,,,,,,,,,,,,,,,,,,,,,,,,,,,,,,,,,,,,,,,,,,,,,,,,,,,,,,,,,,,,,,,,,,15 Marshall St Canton,,MA,2021.0,1948,322219.0,,30,Paul Mamane,owner,African American,"$3,794,000.00",,,(781) 963-6666,,,,Paul Mamane,African American
14650,Mb Cleaning Squad Inc,,,,,,,,,,,,,,,,,,,,,,,,,,,,,,,,,,,,,,,,,,,,,,,,,,,,,,,,,,,,,,,,,,,,,,,,,,,,,,,,,,,,,,,,,,,,,,,425 Main St # 19c Hudson,,MA,1749.0,2007,238990.0,,5,Gilson Courento,owner,African American,"$546,000.00",,,(617) 286-5607,,,,Gilson Courento,African American
17923,Mckenzie & Assoc,,,,,,,,,,,,,,,,,,,,,,,,,,,,,,,,,,,,,,,,,,,,,,,,,,,,,,,,,,,,,,,,,,,,,,,,,,,,,,,,,,,,,,,,,,,,,,,183 State St # 6 Boston,,MA,2109.0, NA,541110.0,,12,Denzel Mc Kenzie,owner,African American,"$4,152,000.00",,,(617) 723-0400,,,,Denzel Mc Kenzie,African American
17976,Media Culture Psychiatry,,,,,,,,,,,,,,,,,,,,,,,,,,,,,,,,,,,,,,,,,,,,,,,,,,,,,,,,,,,,,,,,,,,,,,,,,,,,,,,,,,,,,,,,,,,,,,,1842 Beacon St # 403a Brookline,,MA,2445.0, NA,621111.0,,5_9,Chike O Nwankwo,"president, treasurer, board member",African American,"$1,103,000.00",,,(617) 383-5405,,,,Chike O Nwankwo,African American
18037,Melo's Rodbusters,,,,,,,,,,,,,,,,,,,,,,,,,,,,,,,,,,,,,,,,,,,,,,,,,,,,,,,,,,,,,,,,,,,,,,,,,,,,,,,,,,,,,,,,,,,,,,,878 Smith Neck Rd South Dartmouth,,MA,2748.0, NA,236115.0,,25,Melo Goreti,owner,African American,"$9,050,000.00",,,(508) 984-1745,,,,Melo Goreti,African American
18068,Mercer,,,,,,,,,,,,,,,,,,,,,,,,,,,,,,,,,,,,,,,,,,,,,,,,,,,,,,,,,,,,,,,,,,,,,,,,,,,,,,,,,,,,,,,,,,,,,,,99 High St # 1300 Boston,,MA,2110.0, NA,541612.0,,41,Jeremiah France,coo,African American,"$12,382,000.00",,,(617) 747-9500,,,,Jeremiah France,African American
18094,Merrick Engineering Co Inc,,,,,,,,,,,,,,,,,,,,,,,,,,,,,,,,,,,,,,,,,,,,,,,,,,,,,,,,,,,,,,,,,,,,,,,,,,,,,,,,,,,,,,,,,,,,,,,99 Elm St Halifax,,MA,2338.0,1929,238160.0,,8,Clayton Merrick,owner,African American,"$1,029,000.00",,,(508) 583-0940,,,,Clayton Merrick,African American
18142,Metalsmiths Inc,,,,,,,,,,,,,,,,,,,,,,,,,,,,,,,,,,,,,,,,,,,,,,,,,,,,,,,,,,,,,,,,,,,,,,,,,,,,,,,,,,,,,,,,,,,,,,,15 Branton St Dorchester,,MA,2122.0,1970,332322.0,,4,Cornelius O'Callaghan,owner,African American,"$969,000.00",,,(617) 265-4040,,,,Cornelius O'Callaghan,African American
18252,Midway Beauty Enterprise,,,,,,,,,,,,,,,,,,,,,,,,,,,,,,,,,,,,,,,,,,,,,,,,,,,,,,,,,,,,,,,,,,,,,,,,,,,,,,,,,,,,,,,,,,,,,,,828 Main St Worcester,,MA,1610.0, NA,446120.0,,3,Christiana Owusu,owner,African American,"$2,244,000.00",,,(508) 799-5114,,,,Christiana Owusu,African American
18286,Millennium Marketing,,,,,,,,,,,,,,,,,,,,,,,,,,,,,,,,,,,,,,,,,,,,,,,,,,,,,,,,,,,,,,,,,,,,,,,,,,,,,,,,,,,,,,,,,,,,,,,810 Washington St Stoughton,,MA,2072.0, NA,541890.0,,1_4,Jamison Herdrich,owner,African American,"$1,723,000.00",,,(781) 341-0042,,,,Jamison Herdrich,African American
18308,Minot Group Inc,,,,,,,,,,,,,,,,,,,,,,,,,,,,,,,,,,,,,,,,,,,,,,,,,,,,,,,,,,,,,,,,,,,,,,,,,,,,,,,,,,,,,,,,,,,,,,,124 Newtown Rd Acton,,MA,1720.0, NA,236220.0,,2,Dixon Wood,president,African American,"$889,000.00",,,(978) 266-0002,,,,Dixon Wood,African American
18334,Mitch & Oscar Taxi Inc,,,,,,,,,,,,,,,,,,,,,,,,,,,,,,,,,,,,,,,,,,,,,,,,,,,,,,,,,,,,,,,,,,,,,,,,,,,,,,,,,,,,,,,,,,,,,,,95 Morton Village Dr # 10 Mattapan,,MA,2126.0,2016,485310.0,,10_19,Germain St Louis,"president, treasurer, board member",African American,"$807,000.00",,,,,,,Germain St Louis,African American
18384,Mobile Media Info Tech USA Inc,,,,,,,,,,,,,,,,,,,,,,,,,,,,,,,,,,,,,,,,,,,,,,,,,,,,,,,,,,,,,,,,,,,,,,,,,,,,,,,,,,,,,,,,,,,,,,,320 Nevada St # 301 Newtonville,,MA,2460.0, NA,519190.0,,10_19,Babajide Akindele,"president, board member",African American,"$1,615,000.00",,,,,,,Babajide Akindele,African American
18407,Moms & Jobs Inc,,,,,,,,,,,,,,,,,,,,,,,,,,,,,,,,,,,,,,,,,,,,,,,,,,,,,,,,,,,,,,,,,,,,,,,,,,,,,,,,,,,,,,,,,,,,,,,100 Phoenix Ave Lowell,,MA,1852.0, NA,621511.0,,12,Darr Aley,owner,African American,"$3,378,000.00",,,(978) 710-6228,,,,Darr Aley,African American
18488,Morris & Morris,,,,,,,,,,,,,,,,,,,,,,,,,,,,,,,,,,,,,,,,,,,,,,,,,,,,,,,,,,,,,,,,,,,,,,,,,,,,,,,,,,,,,,,,,,,,,,,32 Kearney Rd # 1 Needham Heights,,MA,2494.0, NA,541211.0,,21,Ellis Morris,owner,African American,"$2,723,000.00",,,(781) 455-6900,,,,Ellis Morris,African American
18508,Mountain Springs Pumps-Repair,,,,,,,,,,,,,,,,,,,,,,,,,,,,,,,,,,,,,,,,,,,,,,,,,,,,,,,,,,,,,,,,,,,,,,,,,,,,,,,,,,,,,,,,,,,,,,,9 Enfield Rd Pelham,,MA,1002.0, NA,423830.0,,1,Cleon Booth,owner,African American,"$962,000.00",,,(413) 253-9034,,,,Cleon Booth,African American
18564,Multicultural Aids Coalition,,,,,,,,,,,,,,,,,,,,,,,,,,,,,,,,,,,,,,,,,,,,,,,,,,,,,,,,,,,,,,,,,,,,,,,,,,,,,,,,,,,,,,,,,,,,,,,566 Columbus Ave Boston,,MA,2118.0,1988,624190.0,,12,Mirembe A Asamoah,"president, treasurer",African American,"$792,000.00",,,(617) 442-1622,,,,Mirembe A Asamoah,African American
18583,Muqueca,,,,,,,,,,,,,,,,,,,,,,,,,,,,,,,,,,,,,,,,,,,,,,,,,,,,,,,,,,,,,,,,,,,,,,,,,,,,,,,,,,,,,,,,,,,,,,,1093 Cambridge St Cambridge,,MA,2139.0, NA,722511.0,,10,Fatima Langa,owner,African American,"$560,000.00",,,(617) 354-3296,,,,Fatima Langa,African American
18610,Mybike Inc,,,,,,,,,,,,,,,,,,,,,,,,,,,,,,,,,,,,,,,,,,,,,,,,,,,,,,,,,,,,,,,,,,,,,,,,,,,,,,,,,,,,,,,,,,,,,,,362 Boylston St Brookline,,MA,2445.0,2005,451110.0,,3,Leroy Watkins,owner,African American,"$674,000.00",,,(617) 608-3060,,,,Leroy Watkins,African American
18715,Native Lumber Co,,,,,,,,,,,,,,,,,,,,,,,,,,,,,,,,,,,,,,,,,,,,,,,,,,,,,,,,,,,,,,,,,,,,,,,,,,,,,,,,,,,,,,,,,,,,,,,260 Mill Valley Rd Belchertown,,MA,1007.0,1998,321113.0,,3,Kipngetich Rutto,owner,African American,"$1,263,000.00",,,(413) 323-4831,,,,Kipngetich Rutto,African American
18741,Nedu Nation Business,,,,,,,,,,,,,,,,,,,,,,,,,,,,,,,,,,,,,,,,,,,,,,,,,,,,,,,,,,,,,,,,,,,,,,,,,,,,,,,,,,,,,,,,,,,,,,,3 Ruthven St Boston,,MA,2121.0, NA,561990.0,,1_4,Chinedu Umelo,owner,African American,"$576,000.00",,,,,,,Chinedu Umelo,African American
18769,Neres Restoration Inc,,,,,,,,,,,,,,,,,,,,,,,,,,,,,,,,,,,,,,,,,,,,,,,,,,,,,,,,,,,,,,,,,,,,,,,,,,,,,,,,,,,,,,,,,,,,,,,20 Farrington Ave Allston,,MA,2134.0,2015,236220.0,,1_4,Nilton Neres,"president, vice president, treasurer, board member",African American,"$1,195,000.00",,,,,,,Nilton Neres,African American
19048,North East Roads Inc,,,,,,,,,,,,,,,,,,,,,,,,,,,,,,,,,,,,,,,,,,,,,,,,,,,,,,,,,,,,,,,,,,,,,,,,,,,,,,,,,,,,,,,,,,,,,,,679 High Rock Rd Fitchburg,,MA,1420.0, NA,237110.0,,7,Sebastian Cazard,owner,African American,"$1,998,000.00",,,(978) 342-4744,,,,Sebastian Cazard,African American
19153,Nova Engineering,,,,,,,,,,,,,,,,,,,,,,,,,,,,,,,,,,,,,,,,,,,,,,,,,,,,,,,,,,,,,,,,,,,,,,,,,,,,,,,,,,,,,,,,,,,,,,,31 Dunham Rd Billerica,,MA,1821.0, NA,541330.0,,5_9,Giselle Ridderplaat,"president, treasurer",African American,"$1,310,000.00",,,(978) 362-1654,,,,Giselle Ridderplaat,African American
19197,Nydam Landscaping,,,,,,,,,,,,,,,,,,,,,,,,,,,,,,,,,,,,,,,,,,,,,,,,,,,,,,,,,,,,,,,,,,,,,,,,,,,,,,,,,,,,,,,,,,,,,,,346 Sutton St Uxbridge,,MA,1569.0, NA,561730.0,,8,Doug Nydam,owner,African American,"$893,000.00",,,(508) 234-2577,,,,Doug Nydam,African American
19294,Okoli Financial Inc,,,,,,,,,,,,,,,,,,,,,,,,,,,,,,,,,,,,,,,,,,,,,,,,,,,,,,,,,,,,,,,,,,,,,,,,,,,,,,,,,,,,,,,,,,,,,,,351 S Huntington Ave Jamaica Plain,,MA,2130.0, NA,541211.0,,50-99,Chuks C Okoli,"ceo, president, treasurer, board member",African American,"$20,670,000.00",,,(617) 522-9328,,,,Chuks C Okoli,African American
19415,Petit Robert Bistro Columbus,,,,,,,,,,,,,,,,,,,,,,,,,,,,,,,,,,,,,,,,,,,,,,,,,,,,,,,,,,,,,,,,,,,,,,,,,,,,,,,,,,,,,,,,,,,,,,,480 Columbus Ave Boston,,MA,2118.0, NA,722511.0,,20,Loic Garrec,owner,African American,"$1,494,000.00",,,(617) 867-0600,,,,Loic Garrec,African American
19418,Petra,,,,,,,,,,,,,,,,,,,,,,,,,,,,,,,,,,,,,,,,,,,,,,,,,,,,,,,,,,,,,,,,,,,,,,,,,,,,,,,,,,,,,,,,,,,,,,,55 Middlesex St North Chelmsford,,MA,1863.0, NA,621610.0,,10_19,John Wachira,president,African American,"$880,000.00",,,(978) 455-7711,,,,John Wachira,African American
19536,Pioneer Valley Truck Caps,,,,,,,,,,,,,,,,,,,,,,,,,,,,,,,,,,,,,,,,,,,,,,,,,,,,,,,,,,,,,,,,,,,,,,,,,,,,,,,,,,,,,,,,,,,,,,,1357 Bernardston Rd Greenfield,,MA,1301.0, NA,423120.0,,2,Fernand Zagame,owner,African American,"$1,921,000.00",,,(413) 774-2277,,,,Fernand Zagame,African American
19547,Pivot Point Homecare Svc LLC,,,,,,,,,,,,,,,,,,,,,,,,,,,,,,,,,,,,,,,,,,,,,,,,,,,,,,,,,,,,,,,,,,,,,,,,,,,,,,,,,,,,,,,,,,,,,,,354 W Boylston St # 232 West Boylston,,MA,1583.0, NA,621610.0,,20-49,Esther Kariuki,"ceo, president, treasurer, board member",African American,"$1,870,000.00",,,(774) 261-8477,,,,Esther Kariuki,African American
19724,Poly Organization Inc,,,,,,,,,,,,,,,,,,,,,,,,,,,,,,,,,,,,,,,,,,,,,,,,,,,,,,,,,,,,,,,,,,,,,,,,,,,,,,,,,,,,,,,,,,,,,,,10 Powers St Leominster,,MA,1453.0, NA,454110.0,,5,Saroj Roy,"president, treasurer, board member",African American,"$3,055,000.00",,,(978) 466-7978,,,,Saroj Roy,African American
19818,Premier Healthcare Agency,,,,,,,,,,,,,,,,,,,,,,,,,,,,,,,,,,,,,,,,,,,,,,,,,,,,,,,,,,,,,,,,,,,,,,,,,,,,,,,,,,,,,,,,,,,,,,,20 Whittier St Lynn,,MA,1902.0, NA,621999.0,,5_9,Junior Waruinge,"ceo, manager",African American,"$918,000.00",,,(781) 595-7500,,,,Junior Waruinge,African American
19834,Prestige Designer Fashions Inc,,,,,,,,,,,,,,,,,,,,,,,,,,,,,,,,,,,,,,,,,,,,,,,,,,,,,,,,,,,,,,,,,,,,,,,,,,,,,,,,,,,,,,,,,,,,,,,34 West St # 4 Randolph,,MA,2368.0, NA,448140.0,,1_4,Gloria Olatunji,president,African American,"$763,000.00",,,,,,,Gloria Olatunji,African American
20034,Proverb LLC,2.0,543 Albany St,Boston,MA,2118.0,,541840.0,Media and Communications,9.0,Daren Bascome,Founder / Director,,1000000.0,y,https://proverbagency.com,,Y,Y,,2.0,543 Albany St,Boston,MA,2118.0,,541840.0,Media and Communications,9.0,Daren Bascome,Founder / Director,,1000000.0,,https://proverbagency.com,,,,0.0,,Y,,,,,,,,,,,,,,,,,,,,,,,,,,,,,,,,,,,,,,,,,,,,,,,,,,,,,,,,,,,,,,,,,,,,,,,,,Daren Bascome,Black
20043,Provider Resources Inc,,,,,,,,,,,,,,,,,,,,,,,,,,,,,,,,,,,,,,,,,,,,,,,,,,,,,,,,,,,,,,,,,,,,,,,,,,,,,,,,,,,,,,,,,,,,,,,411 Merrimack St # 101 Methuen,,MA,1844.0, NA,561110.0,,30,Rufus Clark,owner,African American,"$5,408,000.00",,,(781) 939-9292,,,,Rufus Clark,African American
20275,Radio Energy,,,,,,,,,,,,,,,,,,,,,,,,,,,,,,,,,,,,,,,,,,,,,,,,,,,,,,,,,,,,,,,,,,,,,,,,,,,,,,,,,,,,,,,,,,,,,,,1601 Blue Hill Ave # 202 Mattapan,,MA,2126.0, NA,515112.0,,12,Yvon Grachamps,owner,African American,"$1,430,000.00",,,(617) 298-1622,,,,Yvon Grachamps,African American
20551,Reinventure,,,,,,,,,,,,,,,,,,,,,,,,,,,,,,,,,,,,,,,,,,,,,,523920.0,All,,Edward Duggar III,President,Black,,,,,,,,,,,,,,,,,,,,,,,,,,,,,,,,,,,,,,,,,,,,,,,,,,,,,,,,,,,,,,Edward Duggar III,Black
20570,Reliance Beer & Wine,,,,,,,,,,,,,,,,,,,,,,,,,,,,,,,,,,,,,,,,,,,,,,,,,,,,,,,,,,,,,,,,,,,,,,,,,,,,,,,,,,,,,,,,,,,,,,,293 W Main St Northborough,,MA,1532.0, NA,445310.0,,3,Atul Josie,owner,African American,"$737,000.00",,,(508) 393-5131,,,,Atul Josie,African American
20843,Riggio Auto Repair,,,,,,,,,,,,,,,,,,,,,,,,,,,,,,,,,,,,,,,,,,,,,,,,,,,,,,,,,,,,,,,,,,,,,,,,,,,,,,,,,,,,,,,,,,,,,,,180 Great Rd Bedford,,MA,1730.0,2002,811111.0,,10,Dante Riggio,owner,African American,"$1,546,000.00",,,(781) 275-3307,,,,Dante Riggio,African American
20952,Robert's Auto Clinic & Tire,,,,,,,,,,,,,,,,,,,,,,,,,,,,,,,,,,,,,,,,,,,,,,,,,,,,,,,,,,,,,,,,,,,,,,,,,,,,,,,,,,,,,,,,,,,,,,,2 Mashapaug Rd Holland,,MA,1521.0, NA,811111.0,,6,Robert G Achi,owner,African American,"$786,000.00",,,(413) 245-6202,,,,Robert G Achi,African American
21130,Rollins Heating & Air Cond LLC,,,,,,,,,,,,,,,,,,,,,,,,,,,,,,,,,,,,,,,,,,,,,,,,,,,,,,,,,,,,,,,,,,,,,,,,,,,,,,,,,,,,,,,,,,,,,,,309 Tremont St # 1 Carver,,MA,2330.0,1985,423730.0,,4,Myles Rollins,owner,African American,"$4,303,000.00",,,(508) 465-1753,,,,Myles Rollins,African American
21145,Romy Richard & Son Wood Floors,,,,,,,,,,,,,,,,,,,,,,,,,,,,,,,,,,,,,,,,,,,,,,,,,,,,,,,,,,,,,,,,,,,,,,,,,,,,,,,,,,,,,,,,,,,,,,,443 Prescott St New Bedford,,MA,2745.0,1920,238330.0,,1_4,Romy Richard,owner,African American,"$520,000.00",,,(508) 995-1539,,,,Romy Richard,African American
21196,Rousson Family Dentist,,,,,,,,,,,,,,,,,,,,,,,,,,,,,,,,,,,,,,,,,,,,,,,,,,,,,,,,,,,,,,,,,,,,,,,,,,,,,,,,,,,,,,,,,,,,,,,1001 Watertown St # 5 Newton,,MA,2465.0,1992,621210.0,,8,Dominique Rousson,owner,African American,"$1,245,000.00",,,(617) 965-1321,,,,Dominique Rousson,African American
21222,Royal Touch Food Brokers Sales,,,,,,,,,,,,,,,,,,,,,,,,,,,,,,,,,,,,,,,,,,,,,,,,,,,,,,,,,,,,,,,,,,,,,,,,,,,,,,,,,,,,,,,,,,,,,,,1 Boston Pl # 2600 Boston,,MA,2108.0,2016,425120.0,,5_9,Daniel Boateng,"owner, president, treasurer, board member",African American,"$10,158,000.00",,,,,,,Daniel Boateng,African American
21372,Salami Truck Ctr,,,,,,,,,,,,,,,,,,,,,,,,,,,,,,,,,,,,,,,,,,,,,,,,,,,,,,,,,,,,,,,,,,,,,,,,,,,,,,,,,,,,,,,,,,,,,,,124 Norfolk Ave Roxbury,,MA,2119.0, NA,811111.0,,15,Joe Salami,owner,African American,"$2,013,000.00",,,(617) 427-7337,,,,Joe Salami,African American
21396,Salem Limo Svc,,,,,,,,,,,,,,,,,,,,,,,,,,,,,,,,,,,,,,,,,,,,,,,,,,,,,,,,,,,,,,,,,,,,,,,,,,,,,,,,,,,,,,,,,,,,,,,18 Montrose St Roxbury,,MA,2119.0, NA,485320.0,,5_9,Solomon Dawit,"owner, manager",African American,"$501,000.00",,,,,,,Solomon Dawit,African American
21446,Saloom Furniture Co,,,,,,,,,,,,,,,,,,,,,,,,,,,,,,,,,,,,,,,,,,,,,,,,,,,,,,,,,,,,,,,,,,,,,,,,,,,,,,,,,,,,,,,,,,,,,,,256 Murdock Ave Winchendon,,MA,1475.0,1982,337127.0,,81,Peter Saloom,owner,African American,"$12,849,000.00",,,(978) 297-1901,,,,Peter Saloom,African American
22702,Savana Health Care,,,,,,,,,,,,,,,,,,,,,,,,,,,,,,,,,,,,,,,,,,,,,,,,,,,,,,,,,,,,,,,,,,,,,,,,,,,,,,,,,,,,,,,,,,,,,,,361 Neponset Ave Dorchester,,MA,2122.0, NA,621999.0,,10,Gloria Igbokwe,ceo,African American,"$2,172,000.00",,,(617) 436-4111,,,,Gloria Igbokwe,African American
22728,Sayar Expert Cleaning Co,,,,,,,,,,,,,,,,,,,,,,,,,,,,,,,,,,,,,,,,,,,,,,,,,,,,,,,,,,,,,,,,,,,,,,,,,,,,,,,,,,,,,,,,,,,,,,,15 Hampton Ct Bellingham,,MA,2019.0,2015,561720.0,,5_9,Khadija Sayar,"ceo, president, board member",African American,"$684,000.00",,,,,,,Khadija Sayar,African American
22754,Scottish Bakehouse,,,,,,,,,,,,,,,,,,,,,,,,,,,,,,,,,,,,,,,,,,,,,,,,,,,,,,,,,,,,,,,,,,,,,,,,,,,,,,,,,,,,,,,,,,,,,,,977 State Rd Vineyard Haven,,MA,2568.0,2004,722511.0,,10,Daniele Domick,owner,African American,"$569,000.00",,,(508) 693-6633,,,,Daniele Domick,African American
22935,Sherman True Value Hardware,,,,,,,,,,,,,,,,,,,,,,,,,,,,,,,,,,,,,,,,,,,,,,,,,,,,,,,,,,,,,,,,,,,,,,,,,,,,,,,,,,,,,,,,,,,,,,,122 Kendrick St Winthrop,,MA,2152.0, NA,444130.0,,3,Earlene Propheter,owner,African American,"$690,000.00",,,(716) 761-6003,,,,Earlene Propheter,African American
23046,Siena Construction Corp,,,,,,,,,,,,,,,,,,,,,,,,,,,,,,,,,,,,,,,,,,,,,,,,,,,,,,,,,,,,,,,,,,,,,,,,,,,,,,,,,,,,,,,,,,,,,,,38 Sidney St # 180 Cambridge,,MA,2139.0,1991,236115.0,,11,Terrence Hayes,"president, board member",African American,"$4,889,000.00",,,,,,,Terrence Hayes,African American
23132,SJS Cleaning Svc,,,,,,,,,,,,,,,,,,,,,,,,,,,,,,,,,,,,,,,,,,,,,,,,,,,,,,,,,,,,,,,,,,,,,,,,,,,,,,,,,,,,,,,,,,,,,,,PO Box 26388 Boston,,MA,2126.0, NA,561720.0,,5,Sherman Hall,president,African American,"$662,000.00",,,(617) 445-4949,,,,Sherman Hall,African American
23138,Skinner Demo,,,,,,,,,,,,,,,,,,,,,,,,,,,,,,,,,,,,,,,,,,,,,,,,,,,,,,,,,,,,,,,,,,,,,,,,,,,,,,,,,,,,,,,,,,,,,,,155 Bodwell St # 1 Avon,,MA,2322.0, NA,238910.0,,1_4,Demo Skinner,owner,African American,"$614,000.00",,,(508) 559-0123,,,,Demo Skinner,African American
23210,Solbean Cafe,,,,,,,,,,,,,,,,,,,,,,,,,,,,,,,,,,,,,,,,,,,,,,,,,,,,,,,,,,,,,,,,,,,,,,,,,,,,,,,,,,,,,,,,,,,,,,,119 S Main St Middleton,,MA,1949.0, NA,722511.0,,12,Danielle Zanga,owner,African American,"$604,000.00",,,(978) 777-5900,,,,Danielle Zanga,African American
23257,South Bellingham Vet Hospital,,,,,,,,,,,,,,,,,,,,,,,,,,,,,,,,,,,,,,,,,,,,,,,,,,,,,,,,,,,,,,,,,,,,,,,,,,,,,,,,,,,,,,,,,,,,,,,435 Pulaski Blvd Bellingham,,MA,2019.0,2014,541940.0,,5_9,Aly Cisse,"owner, manager",African American,"$592,000.00",,,(508) 928-1896,,,,Aly Cisse,African American
23275,South End Food Emporium,,,,,,,,,,,,,,,,,,,,,,,,,,,,,,,,,,,,,,,,,,,,,,,,,,,,,,,,,,,,,,,,,,,,,,,,,,,,,,,,,,,,,,,,,,,,,,,465 Columbus Ave Boston,,MA,2116.0, NA,452319.0,,20,Al Desta,"owner, sales exec, finance exec",African American,"$2,765,000.00",,,(617) 536-7172,,,,Al Desta,African American
23707,Spade Technology Inc,,,,,,,,,,,,,,,,,,,,,,,,,,,,,,,,,,,,,,,,,,,,,,,,,,,,,,,,,,,,,,,,,,,,,,,,,,,,,,,,,,,,,,,,,,,,,,,800 S Main St # 103 Mansfield,,MA,2048.0,2001,541511.0,,15,Myles Keough,"ceo, president, treasurer, board member",African American,"$1,528,000.00",,,(508) 339-5163,,,,Myles Keough,African American
23985,Staffier Associates Inc,,,,,,,,,,,,,,,,,,,,,,,,,,,,,,,,,,,,,,,,,,,,,,,,,,,,,,,,,,,,,,,,,,,,,,,,,,,,,,,,,,,,,,,,,,,,,,,57 E Main St # 200 Westborough,,MA,1581.0,1979,621399.0,,25,Tony Alatise,ceo,African American,"$1,121,000.00",,,(508) 366-0406,,,,Tony Alatise,African American
24177,Startax,,,,,,,,,,,,,,,,,,,,,,,,,,,,,,,,,,,,,,,,,,,,,,,,,,,,,,,,,,,,,,,,,,,,,,,,,,,,,,,,,,,,,,,,,,,,,,,89 N Main St # B Randolph,,MA,2368.0,2012,541219.0,,5,Kendrick Mentee,"owner, president, treasurer",African American,"$649,000.00",,,(781) 986-5119,,,,Kendrick Mentee,African American
24225,Stellar Corp,,,,,,,,,,,,,,,,,,,,,,,,,,,,,,,,,,,,,,,,,,,,,,,,,,,,,,,,,,,,,,,,,,,,,,,,,,,,,,,,,,,,,,,,,,,,,,,594 Marrett Rd # 3 Lexington,,MA,2421.0, NA,541330.0,,5,Swapan Roy,"owner, president, treasurer, board member",African American,"$1,310,000.00",,,(781) 863-0101,,,,Swapan Roy,African American
24554,Sunrise Nursing Agency Inc,,,,,,,,,,,,,,,,,,,,,,,,,,,,,,,,,,,,,,,,,,,,,,,,,,,,,,,,,,,,,,,,,,,,,,,,,,,,,,,,,,,,,,,,,,,,,,,715 Pleasant St # 2 Paxton,,MA,1612.0,2003,623110.0,,50-99,Gabriella I Kadiri,owner,African American,"$6,755,000.00",,,(508) 860-3779,,,,Gabriella I Kadiri,African American
25344,Tangels Salon,,,,,,,,,,,,,,,,,,,,,,,,,,,,,,,,,,,,,,,,,,,,,,,,,,,,,,,,,,,,,,,,,,,,,,,,,,,,,,,,,,,,,,,,,,,,,,,452 Central St Saugus,,MA,1906.0, NA,812112.0,,13,Laure Straticos,owner,African American,"$592,000.00",,,(781) 233-7373,,,,Laure Straticos,African American
25426,Taurus Records,,,,,,,,,,,,,,,,,,,,,,,,,,,,,,,,,,,,,,,,,,,,,,,,,,,,,,,,,,,,,,,,,,,,,,,,,,,,,,,,,,,,,,,,,,,,,,,1282 Blue Hill Ave Mattapan,,MA,2126.0, NA,443142.0,,3,Antwan Webb,owner,African American,"$1,098,000.00",,,(617) 298-2655,,,,Antwan Webb,African American
25576,Teele Square Auto,,,,,,,,,,,,,,,,,,,,,,,,,,,,,,,,,,,,,,,,,,,,,,,,,,,,,,,,,,,,,,,,,,,,,,,,,,,,,,,,,,,,,,,,,,,,,,,1284 Broadway Somerville,,MA,2144.0, NA,811111.0,,4,Elias Elkhaouli,"owner, president",African American,"$619,000.00",,,(617) 623-9067,,,,Elias Elkhaouli,African American
25594,Tellstone Garage Inc,,,,,,,,,,,,,,,,,,,,,,,,,,,,,,,,,,,,,,,,,,,,,,,,,,,,,,,,,,,,,,,,,,,,,,,,,,,,,,,,,,,,,,,,,,,,,,,76 Mendon St Blackstone,,MA,1504.0, NA,811111.0,,70,Clayton Tellstone,"owner, president, hr executive, sales exec, finance exec, treasurer, board member",African American,"$9,278,000.00",,,(508) 883-6402,,,,Clayton Tellstone,African American
25601,Tendai Furusa Electrician,,,,,,,,,,,,,,,,,,,,,,,,,,,,,,,,,,,,,,,,,,,,,,,,,,,,,,,,,,,,,,,,,,,,,,,,,,,,,,,,,,,,,,,,,,,,,,,55 Middlesex St # 214 North Chelmsford,,MA,1863.0, NA,238210.0,,1_4,Tendai Furusa,owner,African American,"$639,000.00",,,(978) 455-1485,,,,Tendai Furusa,African American
25620,Terrence Parker Law Offices,,,,,,,,,,,,,,,,,,,,,,,,,,,,,,,,,,,,,,,,,,,,,,,,,,,,,,,,,,,,,,,,,,,,,,,,,,,,,,,,,,,,,,,,,,,,,,,185 Alewife Brook Pkwy # 404 Cambridge,,MA,2138.0, NA,541110.0,,1_4,Terrence Parker,owner,African American,"$728,000.00",,,(617) 491-2265,,,,Terrence Parker,African American
25626,Tesfay Cab Inc,,,,,,,,,,,,,,,,,,,,,,,,,,,,,,,,,,,,,,,,,,,,,,,,,,,,,,,,,,,,,,,,,,,,,,,,,,,,,,,,,,,,,,,,,,,,,,,357 Columbus Ave Boston,,MA,2116.0, NA,485310.0,,10_19,Yirga Atsbaha,"president, treasurer, board member",African American,"$807,000.00",,,,,,,Yirga Atsbaha,African American
25694,Thyssen Krupp Elevator,,,,,,,,,,,,,,,,,,,,,,,,,,,,,,,,,,,,,,,,,,,,,,,,,,,,,,,,,,,,,,,,,,,,,,,,,,,,,,,,,,,,,,,,,,,,,,,31 Dartmouth St Westwood,,MA,2090.0, NA,238290.0,,20-49,Cornell Myers,vice president,African American,"$3,222,000.00",,,(781) 407-3300,,,,Cornell Myers,African American
25696,Tiburio Therapeutics Inc,,,,,,,,,,,,,,,,,,,,,,,,,,,,,,,,,,,,,,,,,,,,,,,,,,,,,,,,,,,,,,,,,,,,,,,,,,,,,,,,,,,,,,,,,,,,,,,700 Technology Sq # 2 Cambridge,,MA,2139.0, NA,325412.0,,20-49,Abraham N Ceesay,ceo,African American,"$43,115,000.00",,,(617) 231-6050,,,,Abraham N Ceesay,African American
25708,Timberlane Coach Co,,,,,,,,,,,,,,,,,,,,,,,,,,,,,,,,,,,,,,,,,,,,,,,,,,,,,,,,,,,,,,,,,,,,,,,,,,,,,,,,,,,,,,,,,,,,,,,123 W Main St Merrimac,,MA,1860.0, NA,485210.0,,20,Benton Smith,"vice president, sales exec, finance exec",African American,"$1,460,000.00",,,(978) 346-4486,,,,Benton Smith,African American
25758,Tjo Sports Facility,,,,,,,,,,,,,,,,,,,,,,,,,,,,,,,,,,,,,,,,,,,,,,,,,,,,,,,,,,,,,,,,,,,,,,,,,,,,,,,,,,,,,,,,,,,,,,,5 Carver Cir Canton,,MA,2021.0, NA,711211.0,,18,Terrence O'Malley,owner,African American,"$3,367,000.00",,,(781) 821-1020,,,,Terrence O'Malley,African American
25793,Top Tech Us Inc,,,,,,,,,,,,,,,,,,,,,,,,,,,,,,,,,,,,,,,,,,,,,,,,,,,,,,,,,,,,,,,,,,,,,,,,,,,,,,,,,,,,,,,,,,,,,,,10 Juniper Hill Rd Waltham,,MA,2452.0, NA,518210.0,,2,Antoine Ajaka,owner,African American,"$559,000.00",,,(781) 891-1915,,,,Antoine Ajaka,African American
25876,Towne Market,,,,,,,,,,,,,,,,,,,,,,,,,,,,,,,,,,,,,,,,,,,,,,,,,,,,,,,,,,,,,,,,,,,,,,,,,,,,,,,,,,,,,,,,,,,,,,,14 Merrimac Sq Merrimac,,MA,1860.0, NA,445120.0,,4,Sam Attia,owner,African American,"$725,000.00",,,(978) 346-9458,,,,Sam Attia,African American
25902,Translink Community Transport,,,,,,,,,,,,,,,,,,,,,,,,,,,,,,,,,,,,,,,,,,,,,,,,,,,,,,,,,,,,,,,,,,,,,,,,,,,,,,,,,,,,,,,,,,,,,,,270 Main St Agawam,,MA,1001.0,2016,484230.0,,1_4,James Ngugi,"president, treasurer, board member",African American,"$566,000.00",,,,,,,James Ngugi,African American
25906,Trauma To Wellness Inc,,,,,,,,,,,,,,,,,,,,,,,,,,,,,,,,,,,,,,,,,,,,,,,,,,,,,,,,,,,,,,,,,,,,,,,,,,,,,,,,,,,,,,,,,,,,,,,37 Belmont St # 2 Brockton,,MA,2301.0, NA,621610.0,,20-49,Seun Adejumo,ceo,African American,"$2,848,000.00",,,(781) 267-5475,,,,Seun Adejumo,African American
25918,Trellis,,,,,,,,,,,,,,,,,,,,,,,,,,,,,,,,,,,,,,,,,,,,,,,,,,,,,,,,,,,,,,,,,,,,,,,,,,,,,,,,,,,,,,,,,,,,,,,350 Main St # 14 Malden,,MA,2148.0, NA,541512.0,,13,Isaiah Bollinger,owner,African American,"$3,474,000.00",,,(781) 202-4618,,,,Isaiah Bollinger,African American
25923,Tremont Family Dentistry,,,,,,,,,,,,,,,,,,,,,,,,,,,,,,,,,,,,,,,,,,,,,,,,,,,,,,,,,,,,,,,,,,,,,,,,,,,,,,,,,,,,,,,,,,,,,,,951 Tremont St Roxbury,,MA,2120.0, NA,621210.0,,7,Seema Jacob,"owner, president, treasurer, board member",African American,"$1,103,000.00",,,(617) 516-8840,,,,Seema Jacob,African American
25936,Tri-State Glass-Screen Repair,,,,,,,,,,,,,,,,,,,,,,,,,,,,,,,,,,,,,,,,,,,,,,,,,,,,,,,,,,,,,,,,,,,,,,,,,,,,,,,,,,,,,,,,,,,,,,,84 S Broadway Lawrence,,MA,1843.0,1989,444190.0,,4,Linus Saulnier,owner,African American,"$1,432,000.00",,,(978) 687-0500,,,,Linus Saulnier,African American
25945,Trillium Fuel Inc,,,,,,,,,,,,,,,,,,,,,,,,,,,,,,,,,,,,,,,,,,,,,,,,,,,,,,,,,,,,,,,,,,,,,,,,,,,,,,,,,,,,,,,,,,,,,,,171 Weatherbee Dr Westwood,,MA,2090.0,2016,424720.0,,1_4,Rabih Moujahed,"president, treasurer, board member",African American,"$43,818,000.00",,,,,,,Rabih Moujahed,African American
25963,Tropic Isle Aquarium,,,,,,,,,,,,,,,,,,,,,,,,,,,,,,,,,,,,,,,,,,,,,,,,,,,,,,,,,,,,,,,,,,,,,,,,,,,,,,,,,,,,,,,,,,,,,,,1094 Worcester Rd # 2 Framingham,,MA,1702.0, NA,453910.0,,10,Ellis London,"owner, president",African American,"$1,502,000.00",,,(508) 875-5303,,,,Ellis London,African American
25964,Tropic Market,,,,,,,,,,,,,,,,,,,,,,,,,,,,,,,,,,,,,,,,,,,,,,,,,,,,,,,,,,,,,,,,,,,,,,,,,,,,,,,,,,,,,,,,,,,,,,,1007 Blue Hill Ave Dorchester Center,,MA,2124.0,1997,445110.0,,4,Garfield Wint,owner,African American,"$768,000.00",,,(617) 288-8509,,,,Garfield Wint,African American
25988,Trust Realty One,,,,,,,,,,,,,,,,,,,,,,,,,,,,,,,,,,,,,,,,,,,,,,,,,,,,,,,,,,,,,,,,,,,,,,,,,,,,,,,,,,,,,,,,,,,,,,,20 Chestnut St # 1 Needham,,MA,2492.0,2008,531210.0,,4,Lakeisha Willis,owner,African American,"$576,000.00",,,(781) 444-7777,,,,Lakeisha Willis,African American
26026,Tyson Ence Law Office,,,,,,,,,,,,,,,,,,,,,,,,,,,,,,,,,,,,,,,,,,,,,,,,,,,,,,,,,,,,,,,,,,,,,,,,,,,,,,,,,,,,,,,,,,,,,,,101 State St # 723 Springfield,,MA,1103.0, NA,541110.0,,5_9,Tyson Ence,owner,African American,"$770,000.00",,,(413) 730-4455,,,,Tyson Ence,African American
26616,Valmo Ventures,,,,,,,,,,,,,,,,,,,,,,,,,,,,,,,,,,,,,,,,,,,,,,523920.0,All,10.0,Valerie Mosley,CEO,Black,1000000.0,,,,,,,,,,,,,,,,,,,,,,,,,,,,,,,,,,,,,,,,,,,,,,,,,,,,,,,,,,,,,Valerie Mosley,Black
27023,Vine Home Care & Staffing,,,,,,,,,,,,,,,,,,,,,,,,,,,,,,,,,,,,,,,,,,,,,,,,,,,,,,,,,,,,,,,,,,,,,,,,,,,,,,,,,,,,,,,,,,,,,,,153 Andover St Danvers,,MA,1923.0, NA,621610.0,,10_19,Emmanuel Ejiofor,"president, treasurer",African American,"$976,000.00",,,(978) 532-5592,,,,Emmanuel Ejiofor,African American
27133,Walden Behavioral Care,,,,,,,,,,,,,,,,,,,,,,,,,,,,,,,,,,,,,,,,,,,,,,,,,,,,,,,,,,,,,,,,,,,,,,,,,,,,,,,,,,,,,,,,,,,,,,,335 Chandler St Worcester,,MA,1602.0,2003,622210.0,,24,Stu Komen,ceo,African American,"$2,563,000.00",,,(508) 796-5797,,,,Stu Komen,African American
27370,Waquoit Feed & Garden,,,,,,,,,,,,,,,,,,,,,,,,,,,,,,,,,,,,,,,,,,,,,,,,,,,,,,,,,,,,,,,,,,,,,,,,,,,,,,,,,,,,,,,,,,,,,,,441 Waquoit Hwy East Falmouth,,MA,2536.0, NA,444220.0,,4,John Nydam,president,African American,"$802,000.00",,,(508) 457-9400,,,,John Nydam,African American
27401,Wave American Auto Care,,,,,,,,,,,,,,,,,,,,,,,,,,,,,,,,,,,,,,,,,,,,,,,,,,,,,,,,,,,,,,,,,,,,,,,,,,,,,,,,,,,,,,,,,,,,,,,325 Winthrop Ave Lawrence,,MA,1843.0, NA,447190.0,,4,Nick Nour,owner,African American,"$4,148,000.00",,,(978) 258-7390,,,,Nick Nour,African American
27579,Welch & Savage Properties LLC,,,,,,,,,,,,,,,,,,,,,,,,,,,,,,,,,,,,,,,,,,,,,,,,,,,,,,,,,,,,,,,,,,,,,,,,,,,,,,,,,,,,,,,,,,,,,,,6 Fairlawn Ave Boston,,MA,2126.0,2019,531210.0,,5_9,Ladawn Savage,owner,African American,"$1,097,000.00",,,,,,,Ladawn Savage,African American
27751,Western Mass Hm Health Svc Inc,,,,,,,,,,,,,,,,,,,,,,,,,,,,,,,,,,,,,,,,,,,,,,,,,,,,,,,,,,,,,,,,,,,,,,,,,,,,,,,,,,,,,,,,,,,,,,,270 Main St Agawam,,MA,1001.0, NA,621999.0,,10_19,Dominic W Ndungu,"president, treasurer, board member",African American,"$1,333,000.00",,,(413) 789-0132,,,,Dominic W Ndungu,African American
27780,Westfield Financial Inc,,,,,,,,,,,,,,,,,,,,,,,,,,,,,,,,,,,,,,,,,,,,,,,,,,,,,,,,,,,,,,,,,,,,,,,,,,,,,,,,,,,,,,,,,,,,,,,1341 Main St Springfield,,MA,1103.0,2002,523930.0,,1_4,Trenton Taylor,senior vp,African American,"$585,000.00",,,(413) 737-7225,,,,Trenton Taylor,African American
27788,Westport Market,,,,,,,,,,,,,,,,,,,,,,,,,,,,,,,,,,,,,,,,,,,,,,,,,,,,,,,,,,,,,,,,,,,,,,,,,,,,,,,,,,,,,,,,,,,,,,,291 American Legion Hwy Westport,,MA,2790.0, NA,452319.0,,7,Rabih Salibi,owner,African American,"$1,144,000.00",,,(508) 636-5252,,,,Rabih Salibi,African American
27806,Wheelen Supply Co Inc,,,,,,,,,,,,,,,,,,,,,,,,,,,,,,,,,,,,,,,,,,,,,,,,,,,,,,,,,,,,,,,,,,,,,,,,,,,,,,,,,,,,,,,,,,,,,,,112 Main St Gardner,,MA,1440.0,1938,334419.0,,5,Elden Bjurling,owner,African American,"$709,000.00",,,(978) 632-4400,,,,Elden Bjurling,African American
27812,White Glove Furniture Delivery,,,,,,,,,,,,,,,,,,,,,,,,,,,,,,,,,,,,,,,,,,,,,,,,,,,,,,,,,,,,,,,,,,,,,,,,,,,,,,,,,,,,,,,,,,,,,,,845 Sandwich Rd Sagamore,,MA,2561.0, NA,484110.0,,7,Dwayne Johnson,owner,African American,"$765,000.00",,,(508) 833-6661,,,,Dwayne Johnson,African American
27816,Whittier Health Pharmacy,,,,,,,,,,,,,,,,,,,,,,,,,,,,,,,,,,,,,,,,,,,,,,,,,,,,,,,,,,,,,,,,,,,,,,,,,,,,,,,,,,,,,,,,,,,,,,,1290 Tremont St Roxbury Crossing,,MA,2120.0, NA,446110.0,,7,Lauretta Okoye,owner,African American,"$2,240,000.00",,,(617) 541-6846,,,,Lauretta Okoye,African American
27900,Windwalker Group LLC,1.0,67 Kemble Street Ste3,Boston,MA,2119.0,,561621.0,Security & Cyber Security,34.0,Michael L. Woodson,SVP,,2900000.0,y,https://www.windwalker.com,,Y,Y,,1.0,67 Kemble Street Ste3,Boston,MA,2119.0,,561621.0,Security & Cyber Security,34.0,Michael L. Woodson,SVP,,2900000.0,,https://www.windwalker.com,,,,0.0,,Y,,,,,,,,,,,,,,,,,,,,,,,,,,,,,,,,,,,,,,,,,,,,,,,,,,,,,,,,,,,,,,,,,,,,,,,,,Michael L. Woodson,Black
27968,Worcester Appliance Repair,,,,,,,,,,,,,,,,,,,,,,,,,,,,,,,,,,,,,,,,,,,,,,,,,,,,,,,,,,,,,,,,,,,,,,,,,,,,,,,,,,,,,,,,,,,,,,,10 Chestnut St Worcester,,MA,1608.0, NA,811412.0,,13,Delmar Wimsatt,owner,African American,"$1,472,000.00",,,(508) 342-0126,,,,Delmar Wimsatt,African American
27978,Word Stream Inc,,,,,,,,,,,,,,,,,,,,,,,,,,,,,,,,,,,,,,,,,,,,,,,,,,,,,,,,,,,,,,,,,,,,,,,,,,,,,,,,,,,,,,,,,,,,,,,177 Huntington Ave # 16 Boston,,MA,2115.0,2007,511210.0,,56,Christopher Butts,vice president,African American,"$19,408,000.00",,,(617) 963-0555,,,,Christopher Butts,African American
28011,Xl Group,,,,,,,,,,,,,,,,,,,,,,,,,,,,,,,,,,,,,,,,,,,,,,,,,,,,,,,,,,,,,,,,,,,,,,,,,,,,,,,,,,,,,,,,,,,,,,,75 State St # 2600 Boston,,MA,2109.0, NA,524210.0,,1_4,Kofi Gyampo,vice president,African American,"$902,000.00",,,(617) 478-4200,,,,Kofi Gyampo,African American
28039,Yetty Decor,,,,,,,,,,,,,,,,,,,,,,,,,,,,,,,,,,,,,,,,,,,,,,,,,,,,,,,,,,,,,,,,,,,,,,,,,,,,,,,,,,,,,,,,,,,,,,,180 Spring St West Roxbury,,MA,2132.0,2016,442299.0,,1_4,Yetunde O Ojo,owner,African American,"$568,000.00",,,,,,,Yetunde O Ojo,African American
28343,Z & S Gas & Svc,,,,,,,,,,,,,,,,,,,,,,,,,,,,,,,,,,,,,,,,,,,,,,,,,,,,,,,,,,,,,,,,,,,,,,,,,,,,,,,,,,,,,,,,,,,,,,,603 Main St Wilmington,,MA,1887.0, NA,811198.0,,4,Sam Habre,owner,African American,"$6,615,000.00",,,(978) 203-0345,,,,Sam Habre,African American
28348,Zakiya Alake's Good Ent,,,,,,,,,,,,,,,,,,,,,,,,,,,,,,,,,,,,,,,,,,,,,,,,,,,,,,,,,,,,,,,,,,,,,,,,,,,,,,,,,,,,,,,,,,,,,,,2 Lingard St Boston,,MA,2125.0, NA,541890.0,,5_9,Zakiya Alake,"owner, president, board member",African American,"$1,889,000.00",,,,,,,Zakiya Alake,African American
28369,Ziara Transporters Inc,,,,,,,,,,,,,,,,,,,,,,,,,,,,,,,,,,,,,,,,,,,,,,,,,,,,,,,,,,,,,,,,,,,,,,,,,,,,,,,,,,,,,,,,,,,,,,,2500 Skyline Dr # 3 Lowell,,MA,1854.0,2018,484230.0,,1_4,Alphonse M Njuguna,owner,African American,"$964,000.00",,,,,,,Alphonse M Njuguna,African American